date,is_weekend,month,day,season,domestic_tourists,foreign_tourists,temperature,rainfall,humidity,festival,festival_impact,total_waste_kg,organic_waste_kg,recyclable_waste_kg,hazardous_waste_kg,inert_waste_kg,waste_per_capita_kg,weekday,collection_efficiency,collected_waste_kg,uncollected_waste_kg
2023-01-01,1,1,1,winter,22640,6704,16.26,0.0,56.44,,1.0,39396.97,23084.02,8815.78,1074.37,6422.8,0.01,Sunday,0.84,32992.2,6404.77
2023-01-02,0,1,2,winter,13581,3407,17.04,0.0,32.56,,1.0,29008.38,17814.07,7108.88,675.27,3410.17,0.01,Monday,0.88,25542.62,3465.76
2023-01-03,0,1,3,winter,16496,4530,22.65,0.0,62.12,,1.0,31078.91,18278.78,6434.68,1010.03,5355.42,0.01,Tuesday,0.78,24368.32,6710.59
2023-01-04,0,1,4,winter,16302,5259,15.74,0.0,57.07,,1.0,30958.72,19283.79,7634.29,791.84,3248.8,0.01,Wednesday,0.82,25450.76,5507.97
2023-01-05,0,1,5,winter,12417,4335,19.18,0.0,67.2,,1.0,30311.85,19551.78,6158.25,971.81,3630.01,0.01,Thursday,0.85,25692.17,4619.67
2023-01-06,0,1,6,winter,12898,3352,18.63,0.0,41.95,,1.0,27528.23,15297.8,6735.85,842.26,4652.32,0.01,Friday,0.89,24594.33,2933.9
2023-01-07,1,1,7,winter,9213,2673,17.35,0.0,61.52,,1.0,28379.09,17508.05,6855.78,652.9,3362.36,0.01,Saturday,0.91,25960.74,2418.35
2023-01-08,1,1,8,winter,21008,6932,24.48,0.0,71.45,,1.0,36725.58,20340.8,8958.99,965.83,6459.96,0.01,Sunday,0.83,30462.52,6263.06
2023-01-09,0,1,9,winter,13625,3684,20.23,0.0,59.08,,1.0,28818.13,16221.66,6438.63,921.2,5236.63,0.01,Monday,0.82,23769.69,5048.43
2023-01-10,0,1,10,winter,8065,2463,17.41,0.0,59.06,,1.0,24128.37,13345.33,5157.31,498.4,5127.33,0.01,Tuesday,0.93,22492.58,1635.79
2023-01-11,0,1,11,winter,20621,6666,13.26,0.0,58.46,,1.0,35657.37,21110.36,8727.32,1413.92,4405.77,0.01,Wednesday,0.78,27905.84,7751.53
2023-01-12,0,1,12,winter,16530,5150,22.3,0.0,38.14,,1.0,30872.2,18946.41,6423.94,1176.76,4325.08,0.01,Thursday,0.88,27287.96,3584.23
2023-01-13,0,1,13,winter,12137,3262,16.13,0.0,70.49,,1.0,25401.97,15282.45,5275.67,976.31,3867.53,0.01,Friday,0.88,22440.37,2961.6
2023-01-14,1,1,14,winter,23566,6728,20.25,0.0,48.77,Makar Sankranti,1.3,46764.58,27859.86,13402.04,1598.58,3904.1,0.01,Saturday,0.84,39368.02,7396.56
2023-01-15,1,1,15,winter,19532,6413,9.33,0.0,65.38,,1.0,35878.03,20451.69,7554.13,1211.45,6660.75,0.01,Sunday,0.82,29297.84,6580.19
2023-01-16,0,1,16,winter,11256,3437,16.89,0.0,40.93,,1.0,26142.44,14952.75,5801.89,931.72,4456.09,0.01,Monday,0.84,22072.63,4069.81
2023-01-17,0,1,17,winter,11249,2818,12.0,0.0,47.21,,1.0,26641.98,16741.7,5932.19,954.95,3013.15,0.01,Tuesday,0.85,22571.29,4070.7
2023-01-18,0,1,18,winter,18446,6015,14.82,0.0,71.94,,1.0,34064.99,21592.51,7928.24,836.93,3707.31,0.01,Wednesday,0.83,28312.46,5752.53
2023-01-19,0,1,19,winter,16976,4303,23.11,0.0,49.97,,1.0,32681.57,18870.38,7050.79,729.98,6030.43,0.01,Thursday,0.92,29976.93,2704.64
2023-01-20,0,1,20,winter,16193,5255,15.89,0.0,71.59,,1.0,30203.5,17436.96,6357.11,879.12,5530.31,0.01,Friday,0.81,24566.13,5637.37
2023-01-21,1,1,21,winter,16004,4325,18.41,0.0,55.01,,1.0,35505.16,22753.26,7286.51,1221.57,4243.82,0.01,Saturday,0.79,28202.6,7302.57
2023-01-22,1,1,22,winter,12460,4308,23.17,0.0,34.99,,1.0,31017.28,19191.27,6351.96,1192.66,4281.39,0.01,Sunday,0.83,25831.1,5186.18
2023-01-23,0,1,23,winter,12309,3530,20.09,0.0,63.87,,1.0,28197.52,17111.59,6152.31,990.6,3943.02,0.01,Monday,0.91,25708.92,2488.6
2023-01-24,0,1,24,winter,14092,3983,21.35,0.0,48.42,,1.0,28807.74,16585.67,6760.47,599.03,4862.57,0.01,Tuesday,0.73,21051.09,7756.65
2023-01-25,0,1,25,winter,17513,4638,21.09,0.0,61.44,,1.0,33685.57,21354.66,7491.96,1102.66,3736.3,0.01,Wednesday,0.82,27680.68,6004.89
2023-01-26,0,1,26,winter,18621,5224,21.01,0.0,54.75,Republic Day,1.2,36224.01,19637.9,10282.32,1283.95,5019.84,0.01,Thursday,0.72,25993.02,10230.99
2023-01-27,0,1,27,winter,13273,4481,21.44,0.0,38.85,,1.0,28613.46,17091.43,6606.46,833.41,4082.16,0.01,Friday,0.8,22961.31,5652.15
2023-01-28,1,1,28,winter,18466,6456,17.28,0.0,58.0,,1.0,36205.17,23149.92,8142.31,1333.66,3579.29,0.01,Saturday,0.87,31533.99,4671.18
2023-01-29,1,1,29,winter,16519,4738,13.6,0.0,80.16,,1.0,32451.09,20448.57,7156.28,798.35,4047.88,0.01,Sunday,0.68,22216.93,10234.16
2023-01-30,0,1,30,winter,15106,4454,12.21,0.0,63.83,,1.0,29595.96,17479.62,7141.83,726.66,4247.86,0.01,Monday,0.81,24118.96,5477.0
2023-01-31,0,1,31,winter,17407,5608,14.11,0.0,57.37,,1.0,31200.25,18796.39,7497.57,844.58,4061.71,0.01,Tuesday,0.82,25627.65,5572.6
2023-02-01,0,2,1,winter,14680,4970,16.42,0.0,67.55,,1.0,32416.57,19910.94,6881.44,719.18,4905.01,0.01,Wednesday,0.95,30675.2,1741.38
2023-02-02,0,2,2,winter,18138,5610,11.5,0.0,61.36,,1.0,31769.45,19996.91,6511.1,807.82,4453.62,0.01,Thursday,0.79,25251.55,6517.9
2023-02-03,0,2,3,winter,18329,5299,13.1,0.0,60.55,,1.0,32060.41,20374.74,6967.48,1265.13,3453.06,0.01,Friday,0.9,28716.92,3343.48
2023-02-04,1,2,4,winter,29223,8511,16.96,0.0,45.6,,1.0,43197.75,27990.99,9219.0,899.36,5088.4,0.01,Saturday,0.88,37816.86,5380.89
2023-02-05,1,2,5,winter,13549,4329,10.21,0.0,62.23,,1.0,30435.46,18885.39,6773.39,670.04,4106.63,0.01,Sunday,0.75,22782.8,7652.66
2023-02-06,0,2,6,winter,10762,2693,17.62,0.0,66.54,,1.0,28794.28,17874.11,5803.74,1077.02,4039.41,0.01,Monday,0.78,22454.41,6339.86
2023-02-07,0,2,7,winter,19605,6115,19.9,0.0,46.69,,1.0,33785.55,19050.5,6972.17,794.41,6968.46,0.01,Tuesday,0.91,30741.93,3043.61
2023-02-08,0,2,8,winter,14081,4020,23.3,0.0,67.59,,1.0,28041.83,18115.77,6580.25,1010.28,2335.53,0.01,Wednesday,0.85,23810.51,4231.33
2023-02-09,0,2,9,winter,9944,3275,19.74,0.0,54.21,,1.0,28131.4,16590.87,6099.33,694.56,4746.64,0.01,Thursday,0.85,23825.75,4305.65
2023-02-10,0,2,10,winter,13390,3472,20.27,0.0,45.99,,1.0,26971.65,16130.8,6138.52,880.23,3822.11,0.01,Friday,0.85,23019.62,3952.03
2023-02-11,1,2,11,winter,20185,6233,21.14,0.0,64.4,,1.0,37385.11,21523.05,9250.3,874.63,5737.13,0.01,Saturday,0.83,31089.76,6295.35
2023-02-12,1,2,12,winter,22634,6747,16.35,0.0,53.96,,1.0,38574.05,24940.64,7743.46,1142.66,4747.28,0.01,Sunday,0.76,29414.8,9159.25
2023-02-13,0,2,13,winter,17241,5417,16.65,0.0,64.27,,1.0,32005.64,18670.07,7119.85,1005.4,5210.32,0.01,Monday,0.84,26788.05,5217.59
2023-02-14,0,2,14,winter,20629,5291,21.01,0.0,51.58,,1.0,34878.56,20702.48,7699.17,1208.7,5268.21,0.01,Tuesday,0.87,30293.07,4585.49
2023-02-15,0,2,15,winter,14961,4607,15.17,0.0,56.82,,1.0,31212.85,19307.88,7543.01,780.3,3581.66,0.01,Wednesday,0.86,26806.98,4405.87
2023-02-16,0,2,16,winter,14022,4292,22.86,0.0,58.5,,1.0,30464.76,18612.53,6984.34,834.57,4033.31,0.01,Thursday,0.87,26427.0,4037.76
2023-02-17,0,2,17,winter,14780,4523,15.33,0.0,60.24,,1.0,31054.68,18589.51,6698.16,709.19,5057.82,0.01,Friday,0.81,25280.55,5774.13
2023-02-18,1,2,18,winter,8088,2510,19.84,0.0,35.12,,1.0,27234.08,15561.01,5590.49,916.74,5165.84,0.01,Saturday,0.84,22978.16,4255.92
2023-02-19,1,2,19,winter,22127,7028,19.62,0.0,43.98,,1.0,39434.72,24294.66,9761.29,1364.19,4014.59,0.01,Sunday,0.75,29705.1,9729.62
2023-02-20,0,2,20,winter,16280,5380,15.73,0.0,66.43,,1.0,28745.71,15959.75,7020.06,1070.88,4695.03,0.01,Monday,0.85,24554.4,4191.31
2023-02-21,0,2,21,winter,8689,2406,16.45,0.0,55.45,,1.0,25390.04,15090.11,5821.76,1003.45,3474.71,0.01,Tuesday,0.8,20428.34,4961.69
2023-02-22,0,2,22,winter,14349,4771,22.91,0.0,48.31,,1.0,31881.59,19231.95,7819.47,690.58,4139.59,0.01,Wednesday,0.83,26339.81,5541.79
2023-02-23,0,2,23,winter,9550,2863,15.91,0.0,43.46,,1.0,23710.26,13493.63,5264.57,751.5,4200.56,0.01,Thursday,0.88,20881.0,2829.26
2023-02-24,0,2,24,winter,15315,3946,17.91,0.0,45.25,,1.0,29408.46,18575.05,7334.85,816.88,2681.67,0.01,Friday,0.82,24075.54,5332.92
2023-02-25,1,2,25,winter,15849,4055,17.62,0.0,35.97,,1.0,34237.57,18993.0,8219.02,1098.6,5926.94,0.01,Saturday,0.83,28305.84,5931.73
2023-02-26,1,2,26,winter,17688,5013,14.58,0.0,56.7,,1.0,33934.97,19337.99,7626.59,1182.51,5787.88,0.01,Sunday,0.81,27604.13,6330.85
2023-02-27,0,2,27,winter,17449,5731,16.7,0.0,50.67,,1.0,31533.59,19772.86,7094.46,823.16,3843.11,0.01,Monday,0.89,28167.14,3366.45
2023-02-28,0,2,28,winter,18207,5840,17.77,0.0,46.45,,1.0,31430.18,20347.09,7328.52,885.22,2869.35,0.01,Tuesday,0.86,26951.08,4479.11
2023-03-01,0,3,1,summer,8646,1978,41.9,0.0,34.46,,1.0,28407.68,15000.57,7758.43,989.83,4658.85,0.01,Wednesday,0.88,24926.07,3481.61
2023-03-02,0,3,2,summer,10259,2069,30.5,0.0,37.91,,1.0,28371.42,14672.88,7177.5,1015.69,5505.36,0.01,Thursday,0.91,25920.84,2450.59
2023-03-03,0,3,3,summer,15872,3079,40.35,0.0,51.75,,1.0,31509.59,17736.45,6673.54,1358.03,5741.58,0.01,Friday,0.87,27468.39,4041.2
2023-03-04,1,3,4,summer,12914,2127,36.72,0.0,22.9,,1.0,31293.32,16533.19,6259.42,1018.24,7482.46,0.01,Saturday,0.72,22478.97,8814.35
2023-03-05,1,3,5,summer,13699,2504,33.93,0.0,44.28,,1.0,34439.09,20434.83,9874.91,1194.08,2935.27,0.01,Sunday,0.89,30619.91,3819.18
2023-03-06,0,3,6,summer,14693,2841,34.57,0.0,42.78,,1.0,33560.71,19392.63,8754.55,1658.51,3755.03,0.01,Monday,0.9,30079.92,3480.79
2023-03-07,0,3,7,summer,14218,2258,36.07,0.0,28.77,,1.0,29237.34,15710.99,7839.88,914.27,4772.2,0.01,Tuesday,0.94,27498.16,1739.18
2023-03-08,0,3,8,summer,12735,2191,32.48,0.0,36.63,,1.0,30142.82,16265.81,8933.78,1229.21,3714.01,0.01,Wednesday,0.87,26223.15,3919.67
2023-03-09,0,3,9,summer,9284,1947,34.5,0.0,31.34,,1.0,28656.84,15153.39,6076.03,1262.92,6164.5,0.01,Thursday,0.82,23502.28,5154.56
2023-03-10,0,3,10,summer,12568,2809,35.73,0.0,36.49,Holi,1.6,41543.03,22204.15,11939.21,2036.39,5363.28,0.01,Friday,0.82,34046.79,7496.24
2023-03-11,1,3,11,summer,13571,3390,26.8,0.0,48.67,Holi,1.6,49968.15,23595.97,14009.69,2419.53,9942.96,0.01,Saturday,0.69,34343.98,15624.17
2023-03-12,1,3,12,summer,19345,4706,38.2,0.0,39.84,,1.0,40083.01,21327.91,9027.71,1630.75,8096.64,0.01,Sunday,0.84,33484.97,6598.04
2023-03-13,0,3,13,summer,8975,1922,32.72,0.0,39.07,,1.0,26656.39,15524.15,5606.23,1302.44,4223.57,0.01,Monday,0.92,24576.25,2080.14
2023-03-14,0,3,14,summer,12077,2320,31.41,0.0,31.56,,1.0,28522.17,16528.81,6221.4,1261.83,4510.14,0.01,Tuesday,0.87,24849.8,3672.37
2023-03-15,0,3,15,summer,12405,2649,34.45,0.0,23.13,,1.0,30633.1,16495.8,7358.97,1398.89,5379.44,0.01,Wednesday,0.9,27530.16,3102.94
2023-03-16,0,3,16,summer,8146,1861,35.76,0.0,33.33,,1.0,29922.24,17841.99,6363.43,1149.39,4567.43,0.01,Thursday,0.83,24698.08,5224.15
2023-03-17,0,3,17,summer,15653,2533,38.33,0.0,44.65,,1.0,31459.78,17242.92,7475.82,1172.31,5568.72,0.01,Friday,0.87,27296.09,4163.69
2023-03-18,1,3,18,summer,15365,2934,34.23,0.0,22.78,,1.0,34666.16,17514.28,9309.73,1342.42,6499.73,0.01,Saturday,0.73,25320.4,9345.76
2023-03-19,1,3,19,summer,21196,4959,36.08,0.0,26.56,,1.0,38210.45,19849.54,10760.19,1759.64,5841.08,0.01,Sunday,0.72,27482.27,10728.18
2023-03-20,0,3,20,summer,12914,2432,32.62,0.33,36.17,Elephant Festival,1.3,36404.74,18880.93,10187.69,1556.73,5779.4,0.01,Monday,0.81,29433.93,6970.81
2023-03-21,0,3,21,summer,9230,1912,37.55,0.0,27.12,Gangaur,1.4,33918.37,16919.0,9280.09,1513.11,6206.17,0.01,Tuesday,0.85,28666.68,5251.69
2023-03-22,0,3,22,summer,13109,2736,38.83,0.0,28.66,,1.0,30882.83,15565.95,6469.24,930.68,7916.96,0.01,Wednesday,0.82,25445.96,5436.87
2023-03-23,0,3,23,summer,9278,1562,34.45,0.0,31.61,,1.0,27693.84,14270.48,5729.83,1382.37,6311.17,0.01,Thursday,0.88,24454.25,3239.6
2023-03-24,0,3,24,summer,14897,2774,37.02,0.0,24.08,,1.0,31011.56,16401.43,6665.22,1079.82,6865.1,0.01,Friday,0.84,26131.33,4880.23
2023-03-25,1,3,25,summer,20476,3756,38.32,0.0,27.21,,1.0,36625.89,21741.59,9230.31,1366.01,4287.98,0.01,Saturday,0.82,30099.23,6526.66
2023-03-26,1,3,26,summer,13537,2066,35.53,0.0,40.63,,1.0,34169.02,20068.81,8183.45,1254.01,4662.76,0.01,Sunday,0.82,28061.3,6107.72
2023-03-27,0,3,27,summer,11072,1687,29.02,1.98,26.02,,1.0,29473.67,15347.77,7008.24,1070.89,6046.77,0.01,Monday,0.85,25127.25,4346.42
2023-03-28,0,3,28,summer,14569,3397,39.22,0.0,22.22,,1.0,32382.95,18384.79,7414.35,1345.32,5238.5,0.01,Tuesday,0.82,26602.19,5780.77
2023-03-29,0,3,29,summer,12073,2140,39.96,0.0,29.96,,1.0,30707.16,15555.92,6728.83,1171.42,7251.0,0.01,Wednesday,0.91,27865.84,2841.32
2023-03-30,0,3,30,summer,18807,3795,33.02,0.0,40.86,,1.0,34015.82,20195.02,8086.42,1472.26,4262.13,0.01,Thursday,0.91,30995.88,3019.94
2023-03-31,0,3,31,summer,11488,2066,39.29,0.0,33.42,,1.0,27300.39,14346.59,5806.89,850.97,6295.94,0.01,Friday,0.85,23154.98,4145.41
2023-04-01,1,4,1,summer,11893,2902,36.39,1.87,32.22,,1.0,33266.48,17649.24,7177.78,1113.77,7325.69,0.01,Saturday,0.78,25955.01,7311.47
2023-04-02,1,4,2,summer,19414,3415,34.71,0.0,35.35,,1.0,36972.52,21298.98,7453.06,1521.65,6698.83,0.01,Sunday,0.79,29363.31,7609.21
2023-04-03,0,4,3,summer,12780,2466,33.61,0.0,21.03,,1.0,29350.1,15788.78,7356.75,1210.89,4993.69,0.01,Monday,0.76,22196.17,7153.93
2023-04-04,0,4,4,summer,15135,3591,31.58,0.0,38.96,,1.0,33061.12,17566.59,7587.89,1476.78,6429.87,0.01,Tuesday,0.87,28692.05,4369.08
2023-04-05,0,4,5,summer,10619,2486,32.5,5.12,40.63,,1.0,28314.35,16624.14,6208.15,904.71,4577.35,0.01,Wednesday,0.82,23270.63,5043.71
2023-04-06,0,4,6,summer,14921,2515,31.43,0.0,31.73,,1.0,29078.89,17150.14,6833.24,1193.0,3902.52,0.01,Thursday,0.95,27624.95,1453.94
2023-04-07,0,4,7,summer,9794,2255,30.97,0.0,43.05,,1.0,28516.87,15283.74,6062.12,1191.62,5979.38,0.01,Friday,0.83,23710.27,4806.6
2023-04-08,1,4,8,summer,15450,3025,35.95,0.0,25.98,,1.0,33693.18,18615.96,7422.59,1315.29,6339.34,0.01,Saturday,0.8,26848.48,6844.7
2023-04-09,1,4,9,summer,14222,2820,30.64,0.0,44.02,,1.0,33073.08,19172.29,8567.34,1056.3,4277.15,0.01,Sunday,0.87,28743.06,4330.02
2023-04-10,0,4,10,summer,11492,1877,30.26,0.0,36.24,,1.0,28796.96,15976.61,7783.06,1320.46,3716.82,0.01,Monday,0.88,25433.24,3363.71
2023-04-11,0,4,11,summer,15348,2425,34.83,0.0,32.31,,1.0,30167.17,16981.45,6493.96,1333.49,5358.26,0.01,Tuesday,0.84,25347.32,4819.84
2023-04-12,0,4,12,summer,12606,2808,38.5,0.0,34.84,,1.0,30886.31,17535.21,6252.71,1180.94,5917.45,0.01,Wednesday,0.84,25986.97,4899.33
2023-04-13,0,4,13,summer,9206,1837,36.06,0.0,34.14,,1.0,28344.79,15116.13,7566.39,972.87,4689.39,0.01,Thursday,0.8,22764.9,5579.89
2023-04-14,0,4,14,summer,16411,3178,29.31,0.0,45.11,,1.0,32678.79,18270.29,9520.0,1501.79,3386.7,0.01,Friday,0.86,28168.74,4510.05
2023-04-15,1,4,15,summer,17684,3942,33.83,0.0,26.39,,1.0,37089.99,21962.68,11047.28,1120.61,2959.42,0.01,Saturday,0.77,28656.06,8433.93
2023-04-16,1,4,16,summer,17420,3946,31.02,0.0,28.9,,1.0,36199.02,20353.77,8734.24,1708.49,5402.52,0.01,Sunday,0.8,29119.57,7079.45
2023-04-17,0,4,17,summer,16233,2692,27.05,0.0,44.77,,1.0,33028.51,17345.96,9845.9,1396.25,4440.4,0.01,Monday,0.85,28091.65,4936.86
2023-04-18,0,4,18,summer,15599,3291,33.27,0.0,30.24,,1.0,30434.27,17632.21,6347.37,1024.7,5430.0,0.01,Tuesday,0.84,25591.57,4842.7
2023-04-19,0,4,19,summer,8378,1370,34.99,0.0,42.2,,1.0,26761.38,15410.28,5411.12,1240.06,4699.93,0.01,Wednesday,0.95,25423.31,1338.07
2023-04-20,0,4,20,summer,8377,1885,36.04,0.0,48.6,,1.0,27342.91,13709.59,7265.33,1019.94,5348.04,0.01,Thursday,0.83,22660.52,4682.38
2023-04-21,0,4,21,summer,12002,2588,29.16,0.0,32.21,,1.0,28997.4,16271.88,7817.79,1068.54,3839.19,0.01,Friday,0.84,24456.76,4540.64
2023-04-22,1,4,22,summer,13650,3353,43.0,1.9,41.4,,1.0,35351.52,18057.42,7316.51,1476.94,8500.64,0.01,Saturday,0.81,28758.64,6592.88
2023-04-23,1,4,23,summer,13318,2089,31.19,0.0,25.77,,1.0,32963.14,18197.81,9039.16,1324.94,4401.23,0.01,Sunday,0.82,27110.59,5852.54
2023-04-24,0,4,24,summer,15517,2416,40.41,0.0,41.04,,1.0,34333.18,18616.98,8233.4,1048.16,6434.65,0.01,Monday,0.87,29986.86,4346.32
2023-04-25,0,4,25,summer,12264,2185,40.55,0.0,36.6,,1.0,28152.06,15020.7,8378.11,1336.41,3416.85,0.01,Tuesday,0.86,24291.34,3860.72
2023-04-26,0,4,26,summer,8031,1414,33.37,0.17,38.87,,1.0,26411.11,14075.48,6834.66,1239.89,4261.08,0.01,Wednesday,0.86,22795.83,3615.28
2023-04-27,0,4,27,summer,18466,3225,35.38,0.0,29.84,,1.0,33358.84,18151.46,6731.67,1050.48,7425.23,0.01,Thursday,0.84,28053.39,5305.45
2023-04-28,0,4,28,summer,17359,4177,29.02,0.79,22.59,,1.0,33012.34,18191.1,9802.82,1448.06,3570.37,0.01,Friday,0.85,28095.44,4916.91
2023-04-29,1,4,29,summer,16121,2820,31.82,0.0,39.03,,1.0,33242.47,16856.98,7277.98,1510.09,7597.43,0.01,Saturday,0.81,26950.84,6291.63
2023-04-30,1,4,30,summer,16235,2876,35.05,0.0,20.0,,1.0,35008.17,20449.81,9164.07,1501.45,3892.84,0.01,Sunday,0.75,26297.6,8710.56
2023-05-01,0,5,1,summer,9412,2126,34.68,0.0,32.46,,1.0,28359.2,14259.96,8021.49,1297.87,4779.88,0.01,Monday,0.84,23931.71,4427.49
2023-05-02,0,5,2,summer,15043,2932,39.08,0.0,42.53,,1.0,31414.71,16521.11,8509.23,1077.43,5306.94,0.01,Tuesday,0.86,27063.87,4350.84
2023-05-03,0,5,3,summer,13343,3037,33.86,0.0,36.54,,1.0,30852.09,15550.47,6790.97,1035.78,7474.87,0.01,Wednesday,0.78,24147.72,6704.38
2023-05-04,0,5,4,summer,8224,1287,39.92,0.03,50.6,,1.0,27068.78,14448.63,6546.45,1087.37,4986.33,0.01,Thursday,0.83,22336.16,4732.61
2023-05-05,0,5,5,summer,13232,2629,32.69,0.0,43.2,,1.0,28405.32,15556.89,6449.92,868.73,5529.77,0.01,Friday,0.78,22039.7,6365.61
2023-05-06,1,5,6,summer,19662,3015,36.85,0.0,29.77,,1.0,36684.3,20561.92,8788.62,1319.66,6014.09,0.01,Saturday,0.83,30347.07,6337.23
2023-05-07,1,5,7,summer,16843,2631,30.86,0.0,35.22,,1.0,34360.32,20158.99,9437.9,1620.27,3143.15,0.01,Sunday,0.75,25730.87,8629.45
2023-05-08,0,5,8,summer,9301,2238,26.85,0.0,36.2,,1.0,26559.83,14594.58,5659.72,1166.63,5138.91,0.01,Monday,0.81,21477.63,5082.2
2023-05-09,0,5,9,summer,10489,1719,35.98,0.05,22.37,,1.0,26639.7,13868.83,6503.36,833.82,5433.69,0.01,Tuesday,0.86,22851.66,3788.04
2023-05-10,0,5,10,summer,16652,3384,26.66,0.0,29.15,,1.0,31315.41,18242.19,6657.47,1505.08,4910.67,0.01,Wednesday,0.81,25240.27,6075.13
2023-05-11,0,5,11,summer,8646,1652,31.29,0.0,30.51,,1.0,27387.72,16060.79,6749.93,1229.36,3347.64,0.01,Thursday,0.88,23980.32,3407.4
2023-05-12,0,5,12,summer,11498,2124,29.83,0.0,20.0,,1.0,29067.78,16334.48,8147.92,1123.07,3462.32,0.01,Friday,0.82,23706.78,5361.0
2023-05-13,1,5,13,summer,18692,4485,41.26,13.0,41.88,,1.0,36501.73,21119.2,8988.39,1781.99,4612.15,0.01,Saturday,0.79,28876.41,7625.32
2023-05-14,1,5,14,summer,20298,3088,37.97,0.0,33.01,,1.0,38013.29,20855.51,9361.23,1737.26,6059.3,0.01,Sunday,0.85,32497.56,5515.73
2023-05-15,0,5,15,summer,12135,2625,31.6,0.14,21.69,,1.0,29978.59,17452.27,7658.0,1007.16,3861.16,0.01,Monday,0.83,24881.58,5097.01
2023-05-16,0,5,16,summer,13048,3214,31.47,0.0,38.23,,1.0,29609.99,16190.03,8788.46,1334.22,3297.29,0.01,Tuesday,0.79,23526.89,6083.1
2023-05-17,0,5,17,summer,11691,2408,34.77,0.0,40.73,,1.0,28516.79,16571.57,5796.97,1122.34,5025.91,0.01,Wednesday,0.86,24529.22,3987.57
2023-05-18,0,5,18,summer,13222,3221,31.68,0.0,36.82,,1.0,29336.87,16565.42,8302.43,909.02,3560.0,0.01,Thursday,0.88,25750.57,3586.3
2023-05-19,0,5,19,summer,7464,1158,41.48,0.0,32.41,,1.0,25775.3,15084.84,6568.58,874.98,3246.91,0.01,Friday,0.86,22270.68,3504.62
2023-05-20,1,5,20,summer,19813,3801,26.43,0.0,41.51,,1.0,37019.46,19684.19,8447.58,1503.63,7384.06,0.01,Saturday,0.81,29847.49,7171.97
2023-05-21,1,5,21,summer,17490,3078,40.88,0.0,40.44,,1.0,36194.59,18284.37,7812.73,1674.14,8423.35,0.01,Sunday,0.69,24823.49,11371.1
2023-05-22,0,5,22,summer,12651,2822,37.65,0.0,37.46,,1.0,29738.79,15263.75,6641.85,1161.82,6671.38,0.01,Monday,0.95,28251.85,1486.94
2023-05-23,0,5,23,summer,10393,2578,35.44,0.0,28.4,,1.0,29431.03,16237.46,8133.59,1146.24,3913.74,0.01,Tuesday,0.83,24391.86,5039.17
2023-05-24,0,5,24,summer,13382,2350,34.48,0.0,37.21,,1.0,31215.33,18073.25,8173.25,1007.07,3961.75,0.01,Wednesday,0.82,25494.63,5720.7
2023-05-25,0,5,25,summer,10855,2338,29.5,0.0,44.81,,1.0,28100.94,14489.77,6848.29,1066.09,5696.78,0.01,Thursday,0.87,24335.77,3765.17
2023-05-26,0,5,26,summer,11397,1935,39.21,0.0,30.23,,1.0,28145.14,16165.29,7263.52,1062.84,3653.5,0.01,Friday,0.84,23562.88,4582.26
2023-05-27,1,5,27,summer,16794,3468,35.17,0.0,51.78,,1.0,35645.21,18431.28,7937.61,1479.63,7796.69,0.01,Saturday,0.87,31013.6,4631.61
2023-05-28,1,5,28,summer,17454,3427,30.65,0.0,30.79,,1.0,35829.07,19431.68,9010.75,1197.18,6189.47,0.01,Sunday,0.78,28095.91,7733.16
2023-05-29,0,5,29,summer,7947,1964,39.17,0.0,35.26,,1.0,27024.11,15303.5,7708.73,950.13,3061.74,0.01,Monday,0.91,24678.22,2345.89
2023-05-30,0,5,30,summer,8663,1826,40.67,0.0,29.62,,1.0,26725.17,14676.16,7952.15,979.87,3116.98,0.01,Tuesday,0.89,23887.24,2837.93
2023-05-31,0,5,31,summer,16690,3086,40.8,0.56,37.07,,1.0,31373.06,17553.37,6557.58,1321.44,5940.66,0.01,Wednesday,0.86,27062.6,4310.46
2023-06-01,0,6,1,summer,6555,730,31.87,18.13,30.13,,1.0,26221.63,13345.84,7759.6,1161.97,3954.22,0.01,Thursday,0.82,21433.47,4788.16
2023-06-02,0,6,2,summer,8548,984,27.77,24.11,43.8,,1.0,25410.11,14707.78,6871.16,1062.0,2769.17,0.01,Friday,0.71,17980.34,7429.77
2023-06-03,1,6,3,summer,13451,1648,30.96,26.03,39.28,,1.0,35105.44,19132.16,10034.45,1724.97,4213.87,0.01,Saturday,0.75,26467.69,8637.75
2023-06-04,1,6,4,summer,12198,1525,33.42,0.0,36.08,,1.0,31570.02,17360.47,9254.86,1315.42,3639.27,0.01,Sunday,0.74,23262.83,8307.19
2023-06-05,0,6,5,summer,7943,1469,34.6,0.0,42.96,,1.0,26346.71,14591.82,6466.75,900.68,4387.45,0.01,Monday,0.85,22404.38,3942.32
2023-06-06,0,6,6,summer,4264,665,21.48,34.02,61.44,,1.0,24306.04,12162.06,5448.21,976.97,5718.8,0.01,Tuesday,0.73,17644.14,6661.9
2023-06-07,0,6,7,summer,7351,1119,30.92,24.04,28.04,,1.0,25392.36,13660.99,6217.28,1259.79,4254.3,0.01,Wednesday,0.73,18658.2,6734.16
2023-06-08,0,6,8,summer,10094,1125,25.96,12.56,59.64,,1.0,27109.04,14504.07,6647.63,885.66,5071.67,0.01,Thursday,0.79,21330.36,5778.68
2023-06-09,0,6,9,summer,8570,1594,35.69,0.0,37.36,,1.0,25924.83,13086.74,7195.2,1073.64,4569.24,0.01,Friday,0.78,20314.67,5610.16
2023-06-10,1,6,10,summer,8546,1472,28.76,0.0,29.41,,1.0,31833.46,18338.32,6843.76,1319.07,5332.32,0.01,Saturday,0.82,26080.77,5752.7
2023-06-11,1,6,11,summer,10668,1138,32.18,10.08,41.3,,1.0,30850.53,16207.77,6873.69,932.63,6836.45,0.01,Sunday,0.8,24814.09,6036.44
2023-06-12,0,6,12,summer,8491,1450,32.45,0.0,36.41,,1.0,26550.25,13621.18,6131.17,858.57,5939.33,0.01,Monday,0.88,23406.99,3143.26
2023-06-13,0,6,13,summer,9824,1516,32.17,0.0,29.67,,1.0,28839.64,17263.0,6658.01,940.36,3978.27,0.01,Tuesday,0.8,23053.39,5786.25
2023-06-14,0,6,14,summer,7592,821,36.91,0.0,36.58,,1.0,25467.05,13240.53,6590.12,796.63,4839.77,0.01,Wednesday,0.89,22738.42,2728.63
2023-06-15,0,6,15,summer,8754,1276,28.84,0.0,30.72,,1.0,27027.19,15844.51,8004.1,944.19,2234.38,0.01,Thursday,0.83,22549.15,4478.04
2023-06-16,0,6,16,summer,11230,1667,30.32,0.0,31.77,,1.0,27688.4,15090.44,5598.97,1185.46,5813.54,0.01,Friday,0.84,23175.67,4512.73
2023-06-17,1,6,17,summer,10342,1205,32.69,34.81,46.92,,1.0,30595.77,16564.32,6945.42,1044.44,6041.59,0.01,Saturday,0.75,22906.77,7689.0
2023-06-18,1,6,18,summer,8999,1750,28.13,39.24,44.09,,1.0,29119.46,16464.21,7035.89,978.22,4641.14,0.01,Sunday,0.64,18665.77,10453.69
2023-06-19,0,6,19,summer,7458,1379,27.65,0.0,37.34,,1.0,25146.39,14306.06,6450.23,1186.24,3203.86,0.01,Monday,0.85,21420.48,3725.92
2023-06-20,0,6,20,summer,7348,1226,28.55,0.0,40.41,,1.0,24216.02,12392.49,6745.77,1052.68,4025.08,0.01,Tuesday,0.93,22625.14,1590.88
2023-06-21,0,6,21,summer,7281,1064,32.6,1.3,39.77,,1.0,24157.55,12356.61,6510.03,938.06,4352.85,0.01,Wednesday,0.85,20424.17,3733.38
2023-06-22,0,6,22,summer,10718,1513,29.36,10.23,46.99,,1.0,29108.47,17304.94,6233.9,1247.49,4322.13,0.01,Thursday,0.91,26467.22,2641.25
2023-06-23,0,6,23,summer,10423,1720,27.31,0.0,38.94,,1.0,28409.91,15290.16,8400.28,1039.79,3679.68,0.01,Friday,0.79,22306.42,6103.49
2023-06-24,1,6,24,summer,6630,1024,33.09,0.0,30.74,,1.0,28636.29,17073.49,8308.78,1013.94,2240.08,0.01,Saturday,0.81,23282.93,5353.36
2023-06-25,1,6,25,summer,7932,842,26.39,5.64,46.35,,1.0,30384.2,17633.6,9101.9,1065.07,2583.63,0.01,Sunday,0.78,23839.36,6544.84
2023-06-26,0,6,26,summer,8941,1352,29.08,0.0,24.6,,1.0,25781.14,14016.63,6497.31,925.51,4341.69,0.01,Monday,0.83,21338.22,4442.92
2023-06-27,0,6,27,summer,9117,1646,28.69,76.73,48.45,,1.0,25102.28,12589.46,5573.03,894.61,6045.18,0.01,Tuesday,0.63,15722.66,9379.62
2023-06-28,0,6,28,summer,8988,1311,34.77,4.56,29.57,,1.0,27653.87,15053.66,6003.94,1312.59,5283.68,0.01,Wednesday,0.79,21891.41,5762.46
2023-06-29,0,6,29,summer,8318,875,26.25,37.56,64.29,,1.0,25032.37,14280.75,5219.75,1076.44,4455.44,0.01,Thursday,0.75,18742.2,6290.17
2023-06-30,0,6,30,summer,7318,1307,32.19,9.84,47.46,,1.0,27306.67,15438.25,8072.45,820.85,2975.11,0.01,Friday,0.87,23809.7,3496.97
2023-07-01,1,7,1,monsoon,16671,2002,30.23,53.34,95.0,,1.0,33511.88,20938.0,8135.99,1294.99,3142.91,0.01,Saturday,0.65,21686.29,11825.59
2023-07-02,1,7,2,monsoon,14572,1834,26.12,59.61,95.0,,1.0,32913.98,22120.12,7457.53,718.5,2617.83,0.01,Sunday,0.6,19748.39,13165.59
2023-07-03,0,7,3,monsoon,6337,738,32.57,105.28,84.45,,1.0,24739.25,16114.84,4283.81,584.45,3756.15,0.01,Monday,0.67,16451.79,8287.46
2023-07-04,0,7,4,monsoon,9215,1225,28.22,7.92,84.03,,1.0,28640.95,19505.35,4682.9,841.27,3611.42,0.01,Tuesday,0.8,23003.3,5637.64
2023-07-05,0,7,5,monsoon,4795,842,28.14,66.15,94.43,,1.0,27073.57,18785.21,4564.15,1071.03,2653.19,0.01,Wednesday,0.68,18330.42,8743.15
2023-07-06,0,7,6,monsoon,4436,673,27.9,14.95,93.69,,1.0,25523.98,17852.21,5246.75,597.33,1827.69,0.01,Thursday,0.82,20924.31,4599.67
2023-07-07,0,7,7,monsoon,9047,1090,28.69,15.21,81.88,,1.0,26771.58,16909.21,5152.17,701.05,4009.14,0.01,Friday,0.77,20513.52,6258.06
2023-07-08,1,7,8,monsoon,13227,2483,35.36,31.76,86.26,,1.0,35536.02,22318.88,8785.32,819.72,3612.1,0.01,Saturday,0.62,22206.24,13329.79
2023-07-09,1,7,9,monsoon,13673,2569,27.85,32.36,95.0,,1.0,33336.95,22446.86,5001.91,1064.24,4823.94,0.01,Sunday,0.65,21680.73,11656.22
2023-07-10,0,7,10,monsoon,8340,1560,25.73,0.0,87.65,,1.0,26614.88,18406.7,4758.57,631.05,2818.56,0.01,Monday,0.78,20849.2,5765.69
2023-07-11,0,7,11,monsoon,8160,1010,23.84,34.64,87.38,,1.0,27536.88,18316.65,6092.81,929.66,2197.75,0.01,Tuesday,0.73,20151.33,7385.55
2023-07-12,0,7,12,monsoon,8386,1217,23.91,26.23,90.43,,1.0,28065.44,17735.44,4917.63,1097.87,4314.49,0.01,Wednesday,0.69,19227.24,8838.2
2023-07-13,0,7,13,monsoon,6350,1260,30.24,0.0,62.3,,1.0,27058.24,18733.23,5296.15,999.1,2029.76,0.01,Thursday,0.83,22358.18,4700.06
2023-07-14,0,7,14,monsoon,8497,1505,28.57,79.98,65.74,,1.0,27767.47,17916.47,5343.54,642.41,3865.05,0.01,Friday,0.7,19319.11,8448.36
2023-07-15,1,7,15,monsoon,10481,1076,29.49,19.58,87.45,,1.0,32129.86,20647.95,6546.19,657.06,4278.66,0.01,Saturday,0.7,22476.53,9653.33
2023-07-16,1,7,16,monsoon,11809,1257,28.12,17.49,91.99,,1.0,32437.39,20903.02,7400.12,1089.93,3044.32,0.01,Sunday,0.75,24277.73,8159.66
2023-07-17,0,7,17,monsoon,8659,1267,30.95,17.9,87.09,,1.0,26853.45,17817.69,6470.49,546.75,2018.52,0.01,Monday,0.81,21624.17,5229.28
2023-07-18,0,7,18,monsoon,6827,1303,33.57,38.77,70.99,,1.0,26582.51,17430.28,6080.35,819.45,2252.43,0.01,Tuesday,0.65,17360.4,9222.11
2023-07-19,0,7,19,monsoon,5237,805,31.8,18.0,79.79,,1.0,24499.5,15493.23,4008.73,924.89,4072.65,0.01,Wednesday,0.69,16918.5,7581.0
2023-07-20,0,7,20,monsoon,5443,815,34.01,7.07,51.92,,1.0,26926.55,17423.53,6403.44,854.03,2245.54,0.01,Thursday,0.77,20733.92,6192.63
2023-07-21,0,7,21,monsoon,9285,1026,32.29,30.64,95.0,,1.0,26420.55,17633.58,6087.98,876.72,1822.27,0.01,Friday,0.6,15852.33,10568.22
2023-07-22,1,7,22,monsoon,8499,1408,33.43,66.37,81.97,,1.0,31930.65,20429.41,6429.66,1151.45,3920.13,0.01,Saturday,0.62,19758.03,12172.62
2023-07-23,1,7,23,monsoon,10052,1831,27.18,0.0,91.48,,1.0,31133.45,19843.37,5878.37,682.25,4729.45,0.01,Sunday,0.88,27421.32,3712.13
2023-07-24,0,7,24,monsoon,8441,1165,29.71,0.0,86.5,,1.0,28047.81,19393.9,4462.51,924.57,3266.83,0.01,Monday,0.89,24946.13,3101.68
2023-07-25,0,7,25,monsoon,11082,1967,31.63,0.0,64.19,,1.0,29286.47,18781.99,5580.89,983.76,3939.84,0.01,Tuesday,0.81,23792.51,5493.96
2023-07-26,0,7,26,monsoon,5397,1060,25.47,42.79,83.67,,1.0,25504.34,15473.73,5339.86,903.89,3786.87,0.01,Wednesday,0.73,18537.24,6967.11
2023-07-27,0,7,27,monsoon,7842,943,35.42,27.8,93.1,,1.0,26970.37,18415.94,4505.48,1023.48,3025.46,0.01,Thursday,0.7,18808.5,8161.87
2023-07-28,0,7,28,monsoon,10347,1576,30.85,0.0,64.87,,1.0,28826.06,19187.05,6865.95,856.3,1916.77,0.01,Friday,0.95,27384.76,1441.3
2023-07-29,1,7,29,monsoon,10810,1391,24.73,11.81,84.77,,1.0,32429.12,21215.24,7844.73,1232.25,2136.91,0.01,Saturday,0.68,22029.23,10399.89
2023-07-30,1,7,30,monsoon,12772,2289,29.53,0.0,69.44,,1.0,35118.37,22644.89,6231.45,978.52,5263.52,0.01,Sunday,0.8,27926.97,7191.4
2023-07-31,0,7,31,monsoon,4844,764,33.17,57.03,73.63,,1.0,25565.05,16330.35,4568.13,648.63,4017.94,0.01,Monday,0.69,17532.94,8032.12
2023-08-01,0,8,1,monsoon,8876,1450,28.4,34.22,66.14,,1.0,25920.05,17783.91,4069.09,869.68,3197.38,0.01,Tuesday,0.85,22001.15,3918.9
2023-08-02,0,8,2,monsoon,3582,644,31.24,36.29,95.0,,1.0,23925.63,14768.86,4413.1,507.96,4235.71,0.01,Wednesday,0.69,16539.57,7386.05
2023-08-03,0,8,3,monsoon,10858,1515,24.92,0.0,70.8,Teej,1.5,42605.73,25435.51,11795.06,1606.25,3768.91,0.01,Thursday,0.82,35017.95,7587.78
2023-08-04,0,8,4,monsoon,8050,1541,29.58,30.93,84.04,,1.0,26403.19,16426.82,5184.39,776.42,4015.56,0.01,Friday,0.67,17818.73,8584.46
2023-08-05,1,8,5,monsoon,9894,1516,30.5,45.3,95.0,,1.0,30494.51,20960.63,6900.3,922.81,1710.77,0.01,Saturday,0.6,18296.71,12197.81
2023-08-06,1,8,6,monsoon,13371,1548,30.29,33.91,95.0,,1.0,32648.67,21779.1,7663.8,659.2,2546.56,0.01,Sunday,0.71,23109.4,9539.27
2023-08-07,0,8,7,monsoon,9712,1647,30.79,8.05,75.76,,1.0,28284.26,18110.1,6808.71,984.47,2380.98,0.01,Monday,0.78,22129.62,6154.64
2023-08-08,0,8,8,monsoon,4683,839,25.88,0.0,72.97,,1.0,24977.22,16342.2,5069.49,673.27,2892.26,0.01,Tuesday,0.91,22631.47,2345.75
2023-08-09,0,8,9,monsoon,5618,739,29.13,7.26,85.07,,1.0,25767.05,16801.46,5553.79,730.94,2680.86,0.01,Wednesday,0.83,21261.86,4505.19
2023-08-10,0,8,10,monsoon,9687,1799,30.7,0.0,58.72,,1.0,27825.26,18682.31,6570.19,642.59,1930.18,0.01,Thursday,0.83,23201.86,4623.4
2023-08-11,0,8,11,monsoon,11316,2156,26.89,0.0,79.23,,1.0,31978.33,20630.97,6101.53,1079.25,4166.58,0.01,Friday,0.86,27611.39,4366.94
2023-08-12,1,8,12,monsoon,8279,1057,25.64,19.52,93.56,,1.0,29050.53,18156.2,6217.54,1090.84,3585.95,0.01,Saturday,0.69,20118.99,8931.54
2023-08-13,1,8,13,monsoon,7867,1560,35.54,0.0,83.16,,1.0,28973.65,18595.67,6985.59,1154.98,2237.4,0.01,Sunday,0.89,25801.81,3171.84
2023-08-14,0,8,14,monsoon,5927,676,29.79,0.0,51.86,,1.0,25810.02,15759.83,4473.01,1006.79,4570.38,0.01,Monday,0.74,19078.99,6731.02
2023-08-15,0,8,15,monsoon,4992,600,32.52,30.24,80.98,Independence Day,1.2,31188.96,20766.63,6542.53,633.14,3246.66,0.01,Tuesday,0.63,19723.24,11465.73
2023-08-16,0,8,16,monsoon,7622,902,33.09,46.61,84.46,,1.0,27646.84,17033.49,6900.69,652.47,3060.19,0.01,Wednesday,0.7,19402.18,8244.66
2023-08-17,0,8,17,monsoon,8262,1564,26.27,16.47,86.3,,1.0,29070.81,18903.43,6827.04,593.28,2747.06,0.01,Thursday,0.81,23403.43,5667.38
2023-08-18,0,8,18,monsoon,8291,1371,31.59,0.0,80.77,,1.0,25805.67,17043.32,4585.73,961.18,3215.43,0.01,Friday,0.86,22155.98,3649.68
2023-08-19,1,8,19,monsoon,12269,1413,28.74,12.05,95.0,,1.0,31791.25,19975.91,6951.97,1064.51,3798.86,0.01,Saturday,0.78,24912.59,6878.66
2023-08-20,1,8,20,monsoon,8176,1177,34.62,0.0,69.06,,1.0,30271.66,18833.49,4646.09,853.21,5938.87,0.01,Sunday,0.8,24136.95,6134.71
2023-08-21,0,8,21,monsoon,12414,2005,30.61,0.0,69.03,,1.0,29345.22,18455.78,6775.75,1056.64,3057.06,0.01,Monday,0.83,24373.31,4971.91
2023-08-22,0,8,22,monsoon,7323,793,31.37,42.65,95.0,,1.0,26478.72,17097.37,5577.78,849.57,2954.0,0.01,Tuesday,0.66,17354.68,9124.04
2023-08-23,0,8,23,monsoon,10469,1970,33.1,37.13,95.0,,1.0,27726.93,18929.61,5337.44,707.28,2752.59,0.01,Wednesday,0.6,16670.18,11056.75
2023-08-24,0,8,24,monsoon,6038,1089,30.34,12.96,95.0,,1.0,26338.92,16501.43,5363.11,763.38,3711.0,0.01,Thursday,0.7,18509.09,7829.83
2023-08-25,0,8,25,monsoon,5991,901,35.42,0.0,78.46,Jannashtami,1.3,34018.64,20887.86,7113.76,1169.29,4847.73,0.01,Friday,0.82,27807.33,6211.31
2023-08-26,1,8,26,monsoon,10110,1988,28.57,0.0,61.83,,1.0,30658.37,19050.31,5202.58,866.26,5539.23,0.01,Saturday,0.79,24088.89,6569.48
2023-08-27,1,8,27,monsoon,7532,1067,25.75,34.09,78.17,,1.0,29288.74,18240.38,6103.36,803.37,4141.64,0.01,Sunday,0.7,20582.21,8706.53
2023-08-28,0,8,28,monsoon,4857,963,25.64,75.04,78.56,,1.0,26430.99,17045.11,5384.44,636.21,3365.22,0.01,Monday,0.69,18246.2,8184.78
2023-08-29,0,8,29,monsoon,6957,1160,26.65,0.0,84.62,,1.0,27030.24,16639.15,6434.34,775.08,3181.68,0.01,Tuesday,0.7,18998.01,8032.23
2023-08-30,0,8,30,monsoon,7435,1215,23.88,57.63,95.0,,1.0,27168.19,17420.5,4171.98,813.95,4761.77,0.01,Wednesday,0.6,16300.91,10867.27
2023-08-31,0,8,31,monsoon,10107,1178,27.89,67.61,95.0,,1.0,27054.31,17731.86,5570.05,923.65,2828.75,0.01,Thursday,0.7,18862.79,8191.53
2023-09-01,0,9,1,monsoon,8538,1606,31.72,30.66,95.0,,1.0,26525.45,16386.05,4647.85,960.61,4530.94,0.01,Friday,0.7,18682.07,7843.38
2023-09-02,1,9,2,monsoon,16963,2421,30.39,17.63,95.0,,1.0,38864.09,26999.55,6357.9,1164.1,4342.54,0.01,Saturday,0.68,26371.59,12492.5
2023-09-03,1,9,3,monsoon,11759,1366,29.49,0.0,68.29,,1.0,32342.97,20098.49,5045.74,857.41,6341.32,0.01,Sunday,0.92,29645.17,2697.8
2023-09-04,0,9,4,monsoon,10944,1108,26.54,14.8,70.25,,1.0,29257.41,17974.84,6465.69,897.46,3919.42,0.01,Monday,0.74,21558.49,7698.92
2023-09-05,0,9,5,monsoon,5225,814,26.8,0.0,86.8,,1.0,25652.92,15760.73,3871.65,927.69,5092.86,0.01,Tuesday,0.89,22837.43,2815.49
2023-09-06,0,9,6,monsoon,7632,1165,33.15,0.0,80.01,,1.0,25215.91,15573.84,5311.02,674.23,3656.82,0.01,Wednesday,0.95,23955.12,1260.8
2023-09-07,0,9,7,monsoon,7597,1306,28.14,17.87,86.15,,1.0,26808.65,17654.8,4867.52,582.79,3703.54,0.01,Thursday,0.8,21574.7,5233.94
2023-09-08,0,9,8,monsoon,6603,1248,27.07,0.0,81.11,,1.0,24852.62,15465.66,4195.27,709.8,4481.89,0.01,Friday,0.9,22401.51,2451.12
2023-09-09,1,9,9,monsoon,7990,862,30.23,0.0,78.88,,1.0,29344.16,19538.17,5175.74,593.97,4036.28,0.01,Saturday,0.93,27176.54,2167.62
2023-09-10,1,9,10,monsoon,11382,1970,30.44,0.0,90.41,,1.0,31867.05,20773.93,6710.43,1251.02,3131.67,0.01,Sunday,0.84,26662.76,5204.29
2023-09-11,0,9,11,monsoon,5846,694,24.45,0.0,93.32,,1.0,24045.44,15844.67,4739.77,756.66,2704.33,0.01,Monday,0.92,22186.54,1858.9
2023-09-12,0,9,12,monsoon,9422,1750,34.3,52.56,95.0,,1.0,30062.09,20781.05,6984.24,793.69,1503.1,0.01,Tuesday,0.63,18818.92,11243.17
2023-09-13,0,9,13,monsoon,8326,1514,27.83,0.0,86.23,,1.0,26191.3,16336.18,4616.57,788.05,4450.5,0.01,Wednesday,0.81,21317.66,4873.64
2023-09-14,0,9,14,monsoon,6772,1043,26.59,0.0,82.88,,1.0,26318.84,17749.56,5272.24,562.06,2734.98,0.01,Thursday,0.86,22553.74,3765.1
2023-09-15,0,9,15,monsoon,7530,1287,27.67,21.78,81.52,,1.0,26689.25,17944.73,6154.46,688.31,1901.74,0.01,Friday,0.78,20888.81,5800.44
2023-09-16,1,9,16,monsoon,15998,2102,33.21,0.0,84.08,,1.0,35499.82,23657.52,6839.37,1341.27,3661.66,0.01,Saturday,0.87,30915.18,4584.64
2023-09-17,1,9,17,monsoon,13417,1973,22.35,0.0,62.09,,1.0,31005.63,21224.05,6279.98,1048.92,2452.67,0.01,Sunday,0.82,25567.05,5438.58
2023-09-18,0,9,18,monsoon,8118,1478,32.6,25.82,95.0,,1.0,29275.21,20151.15,5842.5,768.91,2512.64,0.01,Monday,0.69,20239.48,9035.74
2023-09-19,0,9,19,monsoon,2324,339,33.98,0.0,60.67,,1.0,23320.87,15750.14,4011.34,647.64,2911.75,0.01,Tuesday,0.82,19075.11,4245.76
2023-09-20,0,9,20,monsoon,5031,683,29.27,0.0,78.79,,1.0,25386.95,17429.99,5647.13,712.77,1597.06,0.01,Wednesday,0.84,21242.45,4144.5
2023-09-21,0,9,21,monsoon,8932,1334,33.41,33.13,81.42,,1.0,26842.99,16682.23,4981.97,689.38,4489.4,0.01,Thursday,0.64,17159.06,9683.93
2023-09-22,0,9,22,monsoon,12351,2258,27.81,8.91,87.19,,1.0,30322.25,18727.3,6802.29,759.31,4033.36,0.01,Friday,0.94,28514.03,1808.22
2023-09-23,1,9,23,monsoon,5612,749,30.52,0.0,74.59,,1.0,28409.86,18336.2,5357.7,1126.21,3589.75,0.01,Saturday,0.84,23809.85,4600.01
2023-09-24,1,9,24,monsoon,12979,1523,28.98,0.0,56.37,,1.0,31250.6,19972.55,4937.54,681.15,5659.36,0.01,Sunday,0.79,24552.5,6698.1
2023-09-25,0,9,25,monsoon,7202,1232,33.57,4.51,82.3,,1.0,27733.5,18278.47,5822.27,786.94,2845.82,0.01,Monday,0.82,22688.04,5045.46
2023-09-26,0,9,26,monsoon,6437,1175,28.57,0.0,68.78,,1.0,27107.65,17435.21,4212.35,822.2,4637.89,0.01,Tuesday,0.89,24180.84,2926.8
2023-09-27,0,9,27,monsoon,12478,1373,29.7,0.0,85.73,,1.0,30156.52,19616.03,4974.47,665.76,4900.26,0.01,Wednesday,0.81,24388.64,5767.87
2023-09-28,0,9,28,monsoon,7807,967,30.75,0.0,75.02,,1.0,27533.88,16860.57,4408.25,886.43,5378.63,0.01,Thursday,0.83,22725.2,4808.68
2023-09-29,0,9,29,monsoon,7469,852,24.4,0.0,82.55,,1.0,24810.58,15373.83,4345.4,582.34,4509.01,0.01,Friday,0.75,18595.26,6215.32
2023-09-30,1,9,30,monsoon,11397,1536,28.5,14.43,71.48,,1.0,30087.11,20805.88,7040.97,735.91,1504.36,0.01,Saturday,0.69,20639.42,9447.69
2023-10-01,1,10,1,monsoon,20383,2956,22.1,0.0,71.88,,1.0,37141.46,23501.51,6350.79,1108.21,6180.95,0.01,Sunday,0.89,33196.44,3945.03
2023-10-02,0,10,2,monsoon,11908,2082,25.57,0.0,71.71,,1.0,28866.92,17376.76,6268.07,879.38,4342.71,0.01,Monday,0.88,25267.88,3599.05
2023-10-03,0,10,3,monsoon,11572,1910,26.0,0.0,87.28,,1.0,29048.2,20039.31,4834.76,1048.12,3126.01,0.01,Tuesday,0.84,24458.48,4589.72
2023-10-04,0,10,4,monsoon,6968,1129,29.81,0.0,95.0,,1.0,26806.43,18206.82,4361.89,749.81,3487.91,0.01,Wednesday,0.84,22459.21,4347.21
2023-10-05,0,10,5,monsoon,12624,1707,18.82,0.0,70.93,,1.0,29673.29,18308.87,5206.83,749.69,5407.89,0.01,Thursday,0.85,25306.14,4367.15
2023-10-06,0,10,6,monsoon,11094,2042,24.65,0.0,90.6,,1.0,28515.26,18695.28,5450.44,1110.8,3258.74,0.01,Friday,0.84,24059.86,4455.4
2023-10-07,1,10,7,monsoon,18931,2785,22.59,0.0,52.67,,1.0,35295.79,21623.51,8731.09,868.73,4072.46,0.01,Saturday,0.82,28965.69,6330.1
2023-10-08,1,10,8,monsoon,16214,3208,25.11,0.0,63.12,,1.0,35121.92,23787.63,6458.81,802.94,4072.53,0.01,Sunday,0.88,30832.7,4289.21
2023-10-09,0,10,9,monsoon,15815,2584,32.08,0.0,63.49,,1.0,31778.41,21793.28,5748.27,1054.32,3182.54,0.01,Monday,0.9,28650.43,3127.98
2023-10-10,0,10,10,monsoon,14584,1642,22.56,0.0,62.49,,1.0,33026.67,21686.77,6512.05,988.04,3839.8,0.01,Tuesday,0.87,28713.69,4312.98
2023-10-11,0,10,11,monsoon,11301,1894,23.4,0.0,59.3,,1.0,28465.76,19163.83,4519.72,949.72,3832.5,0.01,Wednesday,0.8,22814.92,5650.84
2023-10-12,0,10,12,monsoon,12003,1590,25.16,0.0,82.37,,1.0,28266.26,19491.88,4403.28,644.84,3726.25,0.01,Thursday,0.78,22114.3,6151.96
2023-10-13,0,10,13,monsoon,12453,2099,19.96,0.0,77.45,,1.0,30243.87,20313.69,5859.09,848.97,3222.11,0.01,Friday,0.86,25932.27,4311.59
2023-10-14,1,10,14,monsoon,18710,2001,15.02,0.0,87.04,,1.0,34993.87,21475.62,7022.46,788.44,5707.34,0.01,Saturday,0.81,28334.92,6658.95
2023-10-15,1,10,15,monsoon,19096,2243,26.95,0.0,84.81,,1.0,36361.08,23549.69,8230.75,915.04,3665.6,0.01,Sunday,0.82,29849.27,6511.81
2023-10-16,0,10,16,monsoon,9723,1804,25.11,0.0,80.63,,1.0,27929.07,18100.23,6959.97,942.13,1926.74,0.01,Monday,0.86,24103.03,3826.04
2023-10-17,0,10,17,monsoon,9028,1107,23.22,0.0,86.28,,1.0,26552.2,18165.31,5084.34,938.81,2363.74,0.01,Tuesday,0.75,19927.5,6624.7
2023-10-18,0,10,18,monsoon,16963,3116,19.75,0.0,79.29,,1.0,33022.5,19947.27,5359.26,794.57,6921.4,0.01,Wednesday,0.87,28617.92,4404.58
2023-10-19,0,10,19,monsoon,12594,1611,28.41,0.21,61.66,,1.0,28485.37,18236.19,6681.94,766.98,2800.25,0.01,Thursday,0.83,23646.73,4838.64
2023-10-20,0,10,20,monsoon,14151,2324,30.02,0.0,87.69,,1.0,31765.48,21138.72,7017.99,1007.72,2601.05,0.01,Friday,0.87,27502.66,4262.82
2023-10-21,1,10,21,monsoon,14168,2400,26.77,9.6,74.35,,1.0,34895.6,22183.98,7248.0,936.78,4526.84,0.01,Saturday,0.8,27846.76,7048.84
2023-10-22,1,10,22,monsoon,19138,2894,19.91,0.0,68.82,,1.0,37216.34,22641.95,9277.3,838.99,4458.09,0.01,Sunday,0.88,32581.48,4634.86
2023-10-23,0,10,23,monsoon,14625,1909,24.24,0.0,75.74,,1.0,30981.3,18812.93,7369.0,806.65,3992.73,0.01,Monday,0.87,26998.28,3983.02
2023-10-24,0,10,24,monsoon,10118,1226,27.53,0.0,65.28,,1.0,28486.07,18944.08,5210.12,792.74,3539.13,0.01,Tuesday,0.89,25310.54,3175.54
2023-10-25,0,10,25,monsoon,10896,1125,23.97,3.18,74.59,,1.0,27205.66,17036.49,5014.12,767.58,4387.47,0.01,Wednesday,0.94,25676.32,1529.34
2023-10-26,0,10,26,monsoon,10647,1388,25.66,0.0,81.3,,1.0,29748.72,19992.38,5984.06,1156.37,2615.91,0.01,Thursday,0.9,26707.96,3040.76
2023-10-27,0,10,27,monsoon,5759,952,24.51,0.0,81.92,,1.0,24278.35,14668.69,4863.12,769.25,3977.3,0.01,Friday,0.85,20567.66,3710.69
2023-10-28,1,10,28,monsoon,14877,2883,24.34,0.0,67.06,,1.0,36262.54,25094.39,5617.64,1141.18,4409.32,0.01,Saturday,0.77,27917.98,8344.56
2023-10-29,1,10,29,monsoon,27786,5199,29.69,0.0,69.3,,1.0,44110.62,30231.79,7683.75,1655.29,4539.79,0.01,Sunday,0.86,37973.43,6137.19
2023-10-30,0,10,30,monsoon,17845,3151,23.87,0.0,90.96,,1.0,33493.08,20159.63,7477.18,1294.92,4561.35,0.01,Monday,0.79,26602.34,6890.74
2023-10-31,0,10,31,monsoon,14034,2509,22.82,0.0,84.55,,1.0,30852.39,20539.05,5982.37,644.74,3686.23,0.01,Tuesday,0.78,24182.65,6669.75
2023-11-01,0,11,1,monsoon,16086,5091,26.1,0.0,95.0,,1.0,34193.62,23662.38,6737.16,703.7,3090.39,0.01,Wednesday,0.83,28319.33,5874.3
2023-11-02,0,11,2,monsoon,11405,3148,29.27,0.0,89.52,,1.0,29289.86,19594.39,5804.77,658.64,3232.06,0.01,Thursday,0.89,26181.54,3108.32
2023-11-03,0,11,3,monsoon,16875,5749,21.17,0.01,93.15,,1.0,36265.02,22536.07,5673.63,1141.84,6913.49,0.01,Friday,0.87,31460.29,4804.73
2023-11-04,1,11,4,monsoon,18213,5774,22.42,0.77,62.52,Diwali,1.8,59672.35,37725.04,14952.35,2168.62,4826.35,0.02,Saturday,0.81,48264.46,11407.89
2023-11-05,1,11,5,monsoon,19590,5995,24.3,0.0,87.02,Diwali,1.8,56021.44,36755.72,14653.1,1134.72,3477.9,0.02,Sunday,0.78,43553.06,12468.38
2023-11-06,0,11,6,monsoon,16654,4348,24.04,0.0,77.34,Diwali,1.8,47659.27,30479.2,11524.01,1492.27,4163.8,0.01,Monday,0.83,39726.27,7933.0
2023-11-07,0,11,7,monsoon,16408,4835,26.9,0.0,69.94,Diwali,1.8,55251.02,35079.32,12985.3,2118.43,5067.97,0.02,Tuesday,0.7,38761.38,16489.64
2023-11-08,0,11,8,monsoon,12810,3792,26.77,0.0,78.63,,1.0,32334.52,19833.91,7021.48,649.51,4829.62,0.01,Wednesday,0.84,27186.4,5148.12
2023-11-09,0,11,9,monsoon,19030,6402,22.39,0.0,90.15,,1.0,35836.98,24815.86,5778.73,784.75,4457.65,0.01,Thursday,0.84,30092.6,5744.38
2023-11-10,0,11,10,monsoon,7790,2373,32.55,0.0,81.01,,1.0,28387.63,17977.91,5318.61,689.42,4401.69,0.01,Friday,0.78,22192.78,6194.85
2023-11-11,1,11,11,monsoon,22936,6606,24.07,4.1,69.47,,1.0,42900.55,28250.53,8335.21,887.33,5427.47,0.01,Saturday,0.76,32505.92,10394.63
2023-11-12,1,11,12,monsoon,15025,5223,30.61,0.0,83.91,,1.0,36952.89,23352.94,8537.72,1248.79,3813.45,0.01,Sunday,0.87,32106.02,4846.87
2023-11-13,0,11,13,monsoon,14737,3847,30.2,0.0,67.35,,1.0,33398.04,22459.75,7341.28,875.68,2721.33,0.01,Monday,0.87,29141.46,4256.58
2023-11-14,0,11,14,monsoon,11958,3494,27.46,0.0,78.87,,1.0,31636.31,19297.08,5607.43,1159.02,5572.77,0.01,Tuesday,0.86,27086.1,4550.2
2023-11-15,0,11,15,monsoon,18723,4759,22.25,0.0,75.23,,1.0,35010.41,24438.92,6980.54,707.0,2883.96,0.01,Wednesday,0.78,27206.22,7804.19
2023-11-16,0,11,16,monsoon,8543,2767,25.65,0.0,74.55,,1.0,29192.51,17924.33,5319.11,921.66,5027.41,0.01,Thursday,0.93,27193.01,1999.5
2023-11-17,0,11,17,monsoon,13050,4460,21.62,0.0,88.39,,1.0,32242.35,19587.53,7877.96,880.27,3896.59,0.01,Friday,0.87,28003.03,4239.32
2023-11-18,1,11,18,monsoon,20004,5561,28.15,0.0,63.44,,1.0,38738.24,26654.14,8793.43,1353.75,1936.91,0.01,Saturday,0.79,30543.99,8194.25
2023-11-19,1,11,19,monsoon,28947,9721,27.1,0.0,95.0,,1.0,46146.03,30487.39,9814.26,1511.75,4332.63,0.01,Sunday,0.77,35561.3,10584.73
2023-11-20,0,11,20,monsoon,14297,3992,26.04,2.93,56.59,,1.0,32153.25,21313.49,6603.4,1277.39,2958.96,0.01,Monday,0.91,29389.13,2764.12
2023-11-21,0,11,21,monsoon,13748,4689,27.67,0.81,69.4,,1.0,32150.2,21644.45,7320.43,1204.0,1981.32,0.01,Tuesday,0.83,26640.77,5509.43
2023-11-22,0,11,22,monsoon,14031,4565,26.46,0.0,81.21,,1.0,33285.27,20688.92,5271.73,987.17,6337.44,0.01,Wednesday,0.81,26898.85,6386.41
2023-11-23,0,11,23,monsoon,20737,6853,25.59,0.0,84.22,,1.0,37465.21,24405.14,8726.33,1081.83,3251.91,0.01,Thursday,0.89,33523.49,3941.72
2023-11-24,0,11,24,monsoon,12322,3102,20.43,0.0,78.58,,1.0,32153.16,21127.37,6517.67,667.63,3840.49,0.01,Friday,0.9,28817.72,3335.44
2023-11-25,1,11,25,monsoon,24198,8379,22.08,0.47,78.51,,1.0,45289.28,29959.83,10543.54,1048.45,3737.46,0.01,Saturday,0.83,37380.86,7908.42
2023-11-26,1,11,26,monsoon,8577,2767,20.84,0.0,84.51,,1.0,32103.64,21170.21,6721.25,747.49,3464.69,0.01,Sunday,0.85,27294.31,4809.34
2023-11-27,0,11,27,monsoon,17285,4848,27.58,0.18,73.52,,1.0,36238.97,22190.8,8987.45,1010.14,4050.58,0.01,Monday,0.86,31101.37,5137.6
2023-11-28,0,11,28,monsoon,13874,4619,23.28,0.0,95.0,,1.0,32460.29,20214.39,5425.17,1082.62,5738.11,0.01,Tuesday,0.86,27970.81,4489.48
2023-11-29,0,11,29,monsoon,17180,4778,25.2,0.0,87.47,,1.0,34385.89,22727.17,7370.8,748.24,3539.69,0.01,Wednesday,0.91,31230.97,3154.92
2023-11-30,0,11,30,monsoon,9974,3363,24.85,0.0,88.05,,1.0,30721.21,21177.77,5804.05,806.97,2932.42,0.01,Thursday,0.88,27073.55,3647.65
2023-12-01,0,12,1,winter,16978,4435,20.41,0.0,45.13,,1.0,32295.9,19255.98,7089.06,1203.72,4747.14,0.01,Friday,0.84,27178.17,5117.73
2023-12-02,1,12,2,winter,14437,4625,20.56,0.0,53.93,,1.0,32975.35,21200.71,7095.39,1229.28,3449.96,0.01,Saturday,0.88,29150.81,3824.54
2023-12-03,1,12,3,winter,19029,5786,18.84,0.0,52.58,,1.0,34014.43,21366.24,8385.93,847.47,3414.79,0.01,Sunday,0.71,24067.54,9946.88
2023-12-04,0,12,4,winter,12309,3196,17.14,0.0,46.37,,1.0,27325.38,16605.52,5840.18,996.88,3882.8,0.01,Monday,0.82,22369.8,4955.58
2023-12-05,0,12,5,winter,15637,4287,16.33,0.0,60.44,,1.0,31408.97,17291.66,7168.81,841.26,6107.24,0.01,Tuesday,0.85,26633.36,4775.6
2023-12-06,0,12,6,winter,10891,2736,15.05,0.0,52.1,,1.0,25438.76,14812.18,5908.03,941.99,3776.55,0.01,Wednesday,0.84,21436.63,4002.13
2023-12-07,0,12,7,winter,18682,5546,14.07,0.0,64.52,,1.0,33440.15,20429.24,8114.54,845.77,4050.6,0.01,Thursday,0.9,30106.85,3333.3
2023-12-08,0,12,8,winter,12983,3636,21.11,0.0,43.74,,1.0,27248.68,16402.35,6063.56,551.32,4231.45,0.01,Friday,0.8,21720.15,5528.53
2023-12-09,1,12,9,winter,23720,7349,18.89,0.0,72.75,,1.0,38432.47,23277.83,8957.7,1223.62,4973.33,0.01,Saturday,0.82,31513.63,6918.84
2023-12-10,1,12,10,winter,14912,4171,18.63,0.0,46.72,,1.0,32397.99,20204.3,7405.11,691.21,4097.38,0.01,Sunday,0.85,27504.61,4893.38
2023-12-11,0,12,11,winter,10775,3016,14.88,0.0,59.75,,1.0,27010.89,15170.52,6207.74,688.77,4943.86,0.01,Monday,0.8,21585.47,5425.42
2023-12-12,0,12,12,winter,21582,6999,20.43,0.0,62.7,,1.0,33817.27,18868.83,7489.85,1051.26,6407.32,0.01,Tuesday,0.85,28635.16,5182.11
2023-12-13,0,12,13,winter,11004,2803,17.23,0.0,50.68,,1.0,27846.35,16230.93,6572.34,915.46,4127.62,0.01,Wednesday,0.85,23798.79,4047.56
2023-12-14,0,12,14,winter,12777,4347,17.63,0.0,64.71,,1.0,29423.37,17162.12,6995.22,970.2,4295.83,0.01,Thursday,0.82,24200.83,5222.54
2023-12-15,0,12,15,winter,16956,5684,15.89,0.0,44.77,,1.0,32689.61,20063.07,7442.49,661.24,4522.81,0.01,Friday,0.82,26952.48,5737.13
2023-12-16,1,12,16,winter,13921,4409,23.05,0.0,68.0,,1.0,33159.9,20547.56,7255.46,1288.34,4068.55,0.01,Saturday,0.83,27390.93,5768.97
2023-12-17,1,12,17,winter,19625,6070,22.0,0.0,54.14,,1.0,34264.8,21648.45,7859.82,858.12,3898.41,0.01,Sunday,0.86,29467.89,4796.9
2023-12-18,0,12,18,winter,15793,5357,18.42,0.0,49.82,,1.0,30608.21,17458.06,6642.57,903.9,5603.68,0.01,Monday,0.88,26955.83,3652.39
2023-12-19,0,12,19,winter,18989,5099,16.9,0.0,53.56,,1.0,31640.79,18339.21,7142.8,737.46,5421.32,0.01,Tuesday,0.85,26843.25,4797.54
2023-12-20,0,12,20,winter,14684,3786,18.2,0.0,63.99,,1.0,28398.35,18395.64,5832.91,1097.28,3072.52,0.01,Wednesday,0.89,25317.84,3080.51
2023-12-21,0,12,21,winter,20426,5595,22.71,0.0,47.8,,1.0,33804.34,21680.68,7648.84,1166.19,3308.63,0.01,Thursday,0.8,27202.7,6601.65
2023-12-22,0,12,22,winter,15789,5201,17.0,0.0,49.01,,1.0,31844.11,18902.82,7371.97,853.79,4715.54,0.01,Friday,0.76,24234.26,7609.85
2023-12-23,1,12,23,winter,12622,3199,16.23,0.0,54.67,,1.0,31400.04,18215.66,7187.83,940.83,5055.72,0.01,Saturday,0.79,24914.17,6485.88
2023-12-24,1,12,24,winter,19543,6024,14.58,0.0,45.94,,1.0,37801.12,22981.33,8102.03,1033.45,5684.31,0.01,Sunday,0.85,32055.86,5745.26
2023-12-25,0,12,25,winter,10220,3572,21.91,0.0,72.25,Christmas,1.2,29804.6,15748.45,7529.05,747.18,5779.92,0.01,Monday,0.78,23179.38,6625.22
2023-12-26,0,12,26,winter,17159,5758,15.46,0.0,51.61,,1.0,32923.6,18352.43,6755.55,1193.76,6621.86,0.01,Tuesday,0.86,28338.05,4585.55
2023-12-27,0,12,27,winter,12263,3705,12.45,0.52,67.35,,1.0,28507.1,15789.72,6640.65,725.54,5351.19,0.01,Wednesday,0.84,23911.18,4595.91
2023-12-28,0,12,28,winter,15376,3941,21.13,0.0,56.53,,1.0,28218.89,17979.79,6328.08,736.84,3174.18,0.01,Thursday,0.94,26471.68,1747.21
2023-12-29,0,12,29,winter,20517,6834,20.16,0.0,45.07,,1.0,34651.29,20851.89,7592.02,1084.1,5123.27,0.01,Friday,0.84,29156.83,5494.45
2023-12-30,1,12,30,winter,26362,8169,21.24,0.0,54.32,,1.0,42124.04,23650.68,10524.67,1201.0,6747.68,0.01,Saturday,0.76,32168.85,9955.18
2023-12-31,1,12,31,winter,11236,2938,21.71,0.0,61.98,New Year,1.4,36481.85,20240.97,10415.95,995.15,4829.78,0.01,Sunday,0.76,27906.82,8575.02
2024-01-01,0,1,1,winter,10416,2701,25.52,0.0,50.36,,1.0,25878.39,16389.5,5763.47,889.99,2835.44,0.01,Monday,0.86,22239.99,3638.41
2024-01-02,0,1,2,winter,14243,4856,24.86,0.0,64.5,,1.0,29931.17,16783.77,7252.5,1039.04,4855.86,0.01,Tuesday,0.81,24167.66,5763.52
2024-01-03,0,1,3,winter,14801,4690,24.29,0.0,63.07,,1.0,29073.03,16605.69,6025.8,765.37,5676.17,0.01,Wednesday,0.88,25679.24,3393.79
2024-01-04,0,1,4,winter,10126,3371,22.86,0.0,62.76,,1.0,27906.76,18072.61,5939.72,812.72,3081.71,0.01,Thursday,0.95,26511.42,1395.34
2024-01-05,0,1,5,winter,13156,4445,15.44,0.0,52.68,,1.0,28462.99,15740.09,6257.91,894.49,5570.5,0.01,Friday,0.81,23074.13,5388.86
2024-01-06,1,1,6,winter,22367,6870,21.83,0.0,43.29,,1.0,37993.52,24517.69,8580.33,1382.29,3513.21,0.01,Saturday,0.84,31827.83,6165.69
2024-01-07,1,1,7,winter,14140,4266,17.85,0.0,49.94,,1.0,33597.15,20316.62,6787.94,883.61,5608.97,0.01,Sunday,0.84,28223.29,5373.85
2024-01-08,0,1,8,winter,15313,4487,15.57,0.0,59.18,,1.0,32313.61,19632.29,7998.58,1201.5,3481.23,0.01,Monday,0.84,27255.94,5057.66
2024-01-09,0,1,9,winter,10434,2939,20.35,0.0,60.28,,1.0,26442.41,15147.15,5579.49,635.24,5080.53,0.01,Tuesday,0.81,21305.03,5137.38
2024-01-10,0,1,10,winter,10469,3072,22.22,0.0,32.18,,1.0,26481.15,17007.52,6425.21,940.02,2108.41,0.01,Wednesday,0.82,21681.66,4799.49
2024-01-11,0,1,11,winter,16548,5417,20.02,0.0,54.91,,1.0,31224.2,18399.59,7032.28,914.45,4877.87,0.01,Thursday,0.79,24821.23,6402.97
2024-01-12,0,1,12,winter,15525,4815,18.5,0.0,57.33,,1.0,29727.49,17103.41,6696.16,612.68,5315.24,0.01,Friday,0.89,26356.61,3370.87
2024-01-13,1,1,13,winter,18477,6268,16.75,0.0,53.85,,1.0,36396.09,20497.59,8892.64,1275.09,5730.78,0.01,Saturday,0.87,31813.31,4582.78
2024-01-14,1,1,14,winter,24192,7120,18.34,0.0,68.74,Makar Sankranti,1.3,43851.39,24657.06,12096.74,1201.53,5896.07,0.01,Sunday,0.77,33697.14,10154.25
2024-01-15,0,1,15,winter,12705,3947,17.52,0.0,60.46,,1.0,28979.08,18085.2,6932.07,1021.97,2939.84,0.01,Monday,0.79,22754.4,6224.68
2024-01-16,0,1,16,winter,8918,2792,21.93,0.0,67.14,,1.0,26228.32,16320.86,5513.85,701.85,3691.75,0.01,Tuesday,0.84,22061.13,4167.19
2024-01-17,0,1,17,winter,19970,6174,20.33,0.0,52.67,,1.0,33170.02,19801.99,7182.62,1164.23,5021.18,0.01,Wednesday,0.78,25876.79,7293.23
2024-01-18,0,1,18,winter,11134,3565,19.61,0.0,64.57,,1.0,28405.28,16558.44,5877.38,794.8,5174.65,0.01,Thursday,0.92,26102.31,2302.97
2024-01-19,0,1,19,winter,15389,4212,13.65,0.0,74.52,,1.0,28272.35,18320.24,5973.78,911.59,3066.74,0.01,Friday,0.87,24648.05,3624.3
2024-01-20,1,1,20,winter,24132,7269,17.48,0.15,69.45,,1.0,41432.52,24581.8,8433.64,1232.93,7184.15,0.01,Saturday,0.85,35272.35,6160.17
2024-01-21,1,1,21,winter,21933,5711,24.81,0.0,41.67,,1.0,36993.27,22943.84,8347.94,1385.11,4316.39,0.01,Sunday,0.77,28427.99,8565.29
2024-01-22,0,1,22,winter,11436,3298,20.37,0.0,52.28,,1.0,27641.64,16001.57,5647.53,1070.6,4921.94,0.01,Monday,0.82,22713.22,4928.42
2024-01-23,0,1,23,winter,16143,4822,23.35,0.06,49.91,,1.0,30784.06,18095.47,7044.02,1103.3,4541.27,0.01,Tuesday,0.77,23783.48,7000.58
2024-01-24,0,1,24,winter,15828,4989,14.67,0.0,62.56,,1.0,31636.46,18426.06,7460.14,718.41,5031.84,0.01,Wednesday,0.85,26770.57,4865.89
2024-01-25,0,1,25,winter,16009,5523,25.8,0.0,58.96,,1.0,32995.51,19108.67,6837.84,1195.25,5853.75,0.01,Thursday,0.83,27276.68,5718.83
2024-01-26,0,1,26,winter,17879,5543,14.72,0.0,49.25,Republic Day,1.2,35148.17,19059.62,10047.81,1366.07,4674.67,0.01,Friday,0.79,27930.74,7217.43
2024-01-27,1,1,27,winter,19841,6435,19.95,0.0,55.7,,1.0,37446.1,22571.66,8500.32,1094.2,5279.92,0.01,Saturday,0.83,30944.06,6502.04
2024-01-28,1,1,28,winter,20318,6108,10.99,0.0,39.31,,1.0,34873.06,20316.66,7803.99,1117.9,5634.51,0.01,Sunday,0.75,26058.31,8814.76
2024-01-29,0,1,29,winter,13692,4291,19.47,0.0,69.69,,1.0,30147.24,19553.47,7443.0,1122.78,2027.99,0.01,Monday,0.83,25140.16,5007.08
2024-01-30,0,1,30,winter,9966,2562,16.01,0.0,51.87,,1.0,26840.55,17148.78,5995.98,889.73,2806.06,0.01,Tuesday,0.85,22770.88,4069.67
2024-01-31,0,1,31,winter,15106,4160,19.08,0.0,56.02,,1.0,28657.46,18326.64,6294.54,1124.38,2911.9,0.01,Wednesday,0.95,27099.48,1557.98
2024-02-01,0,2,1,winter,12406,3550,17.84,0.0,52.98,,1.0,28226.7,16698.31,6493.67,965.24,4069.48,0.01,Thursday,0.78,22122.89,6103.81
2024-02-02,0,2,2,winter,17196,5111,21.85,0.0,65.54,,1.0,31995.05,20638.7,6790.34,1117.35,3448.66,0.01,Friday,0.95,30369.23,1625.82
2024-02-03,1,2,3,winter,21253,5410,18.45,0.0,27.4,,1.0,36193.91,21791.69,7724.79,1286.05,5391.39,0.01,Saturday,0.85,30676.87,5517.04
2024-02-04,1,2,4,winter,13148,3471,17.78,0.0,55.94,,1.0,31399.75,19003.83,7317.67,830.78,4247.48,0.01,Sunday,0.77,24297.5,7102.26
2024-02-05,0,2,5,winter,9909,2751,18.73,0.0,54.58,,1.0,26143.87,15637.36,6035.77,734.6,3736.13,0.01,Monday,0.88,22878.03,3265.84
2024-02-06,0,2,6,winter,17996,6247,19.61,0.0,50.66,,1.0,33333.34,18994.58,8269.4,1007.65,5061.71,0.01,Tuesday,0.91,30444.44,2888.9
2024-02-07,0,2,7,winter,18164,5142,15.72,0.0,74.4,,1.0,29930.88,18658.67,6601.33,811.21,3859.68,0.01,Wednesday,0.8,23988.01,5942.87
2024-02-08,0,2,8,winter,16648,4964,18.45,0.0,46.9,,1.0,31510.29,18613.65,6946.75,973.15,4976.74,0.01,Thursday,0.84,26605.46,4904.83
2024-02-09,0,2,9,winter,18303,4934,20.78,0.0,62.33,,1.0,32074.18,19383.93,7212.13,727.95,4750.17,0.01,Friday,0.82,26372.56,5701.62
2024-02-10,1,2,10,winter,17210,5353,17.27,0.0,59.93,,1.0,33520.28,20099.01,6987.48,754.97,5678.82,0.01,Saturday,0.78,26135.57,7384.7
2024-02-11,1,2,11,winter,18381,5111,14.84,0.0,70.19,,1.0,36078.03,23207.72,8306.88,1197.42,3366.01,0.01,Sunday,0.86,31009.03,5069.0
2024-02-12,0,2,12,winter,18348,4966,16.38,0.0,50.14,,1.0,31409.96,18537.51,7709.54,1028.95,4133.96,0.01,Monday,0.76,23903.18,7506.78
2024-02-13,0,2,13,winter,13498,4071,11.21,0.0,52.06,,1.0,30905.62,19375.26,6750.66,1211.51,3568.2,0.01,Tuesday,0.9,27914.22,2991.4
2024-02-14,0,2,14,winter,12072,3024,15.98,0.0,67.97,,1.0,26619.51,16824.76,6460.49,624.06,2710.2,0.01,Wednesday,0.95,25288.54,1330.98
2024-02-15,0,2,15,winter,9529,2389,14.09,0.0,62.21,,1.0,25529.52,14732.99,5470.5,648.91,4677.11,0.01,Thursday,0.83,21123.58,4405.94
2024-02-16,0,2,16,winter,10736,2919,15.92,0.0,41.59,,1.0,26113.62,16596.27,5264.36,562.02,3690.98,0.01,Friday,0.94,24671.04,1442.58
2024-02-17,1,2,17,winter,21728,5511,13.47,0.0,52.87,,1.0,36284.51,20950.37,7619.52,893.95,6820.68,0.01,Saturday,0.81,29241.25,7043.26
2024-02-18,1,2,18,winter,16565,4320,14.74,0.0,61.49,,1.0,31721.36,19977.93,7237.43,638.09,3867.91,0.01,Sunday,0.78,24706.0,7015.37
2024-02-19,0,2,19,winter,18548,5265,20.36,0.0,63.2,,1.0,30640.33,18167.64,6752.95,682.63,5037.1,0.01,Monday,0.82,25077.58,5562.75
2024-02-20,0,2,20,winter,18793,6206,13.43,0.0,51.49,,1.0,32222.81,19901.27,7575.74,1109.04,3636.77,0.01,Tuesday,0.9,29078.2,3144.62
2024-02-21,0,2,21,winter,12604,3872,16.23,0.0,27.74,,1.0,27469.65,17109.39,5494.0,1073.47,3792.79,0.01,Wednesday,0.81,22197.98,5271.67
2024-02-22,0,2,22,winter,13941,4199,20.45,0.0,60.0,,1.0,29465.32,18605.02,7224.87,598.53,3036.91,0.01,Thursday,0.82,24161.06,5304.26
2024-02-23,0,2,23,winter,14779,4128,12.5,0.0,46.55,,1.0,28423.21,18287.09,6835.48,1044.39,2256.24,0.01,Friday,0.88,25003.25,3419.97
2024-02-24,1,2,24,winter,21664,7434,18.76,0.0,35.44,,1.0,38378.37,21466.12,9093.33,1504.37,6314.55,0.01,Saturday,0.83,31893.67,6484.7
2024-02-25,1,2,25,winter,24009,6955,18.73,0.0,27.31,,1.0,39146.72,24186.99,8946.13,1523.3,4490.31,0.01,Sunday,0.85,33427.85,5718.87
2024-02-26,0,2,26,winter,14127,3654,13.39,0.0,66.45,,1.0,29374.8,17457.26,6755.17,867.34,4295.03,0.01,Monday,0.83,24333.64,5041.16
2024-02-27,0,2,27,winter,12979,4045,13.67,0.0,59.45,,1.0,27838.43,17908.04,5673.59,835.78,3421.03,0.01,Tuesday,0.86,23985.22,3853.21
2024-02-28,0,2,28,winter,13128,3431,18.67,0.0,53.41,,1.0,28003.58,17325.68,6709.53,886.6,3081.77,0.01,Wednesday,0.8,22504.55,5499.02
2024-02-29,0,2,29,winter,13421,3818,13.63,0.0,72.07,,1.0,27509.82,17630.82,6797.66,585.58,2495.75,0.01,Thursday,0.91,25155.57,2354.24
2024-03-01,0,3,1,summer,11829,2374,31.65,0.0,40.1,,1.0,29887.57,16146.37,6047.63,1093.54,6600.03,0.01,Friday,0.82,24456.58,5430.98
2024-03-02,1,3,2,summer,16056,3812,31.16,0.0,47.93,,1.0,36223.74,20056.61,10543.99,1700.02,3923.13,0.01,Saturday,0.88,32000.08,4223.67
2024-03-03,1,3,3,summer,18372,3662,26.01,0.0,25.85,,1.0,36256.76,18590.65,7588.65,1515.0,8562.46,0.01,Sunday,0.81,29319.02,6937.74
2024-03-04,0,3,4,summer,14198,3126,40.97,0.0,34.72,,1.0,29867.47,16523.04,6769.1,1433.31,5142.02,0.01,Monday,0.84,25122.08,4745.38
2024-03-05,0,3,5,summer,8816,2197,36.98,0.0,22.07,,1.0,27428.58,16257.92,6590.02,1311.25,3269.38,0.01,Tuesday,0.76,20921.47,6507.1
2024-03-06,0,3,6,summer,12572,2051,41.85,1.09,33.71,,1.0,29283.27,15765.97,8014.3,1157.24,4345.77,0.01,Wednesday,0.79,23185.65,6097.62
2024-03-07,0,3,7,summer,10004,1775,37.11,0.0,33.01,,1.0,28956.51,14833.21,8478.27,1131.68,4513.34,0.01,Thursday,0.83,24144.07,4812.44
2024-03-08,0,3,8,summer,3358,636,30.22,0.0,40.01,,1.0,22863.66,13111.14,5412.23,694.54,3645.75,0.01,Friday,0.86,19676.33,3187.33
2024-03-09,1,3,9,summer,13001,2498,33.97,0.0,35.36,,1.0,32772.44,16715.68,8180.72,1435.41,6440.63,0.01,Saturday,0.86,28095.74,4676.71
2024-03-10,1,3,10,summer,18478,3531,23.05,0.0,43.46,Holi,1.6,52225.72,26294.27,16688.67,2296.51,6946.28,0.01,Sunday,0.78,40990.95,11234.77
2024-03-11,0,3,11,summer,17605,4238,28.57,0.0,41.34,Holi,1.6,44429.83,24009.6,13295.72,2145.86,4978.65,0.01,Monday,0.79,34912.16,9517.67
2024-03-12,0,3,12,summer,15385,3406,33.22,0.0,52.24,,1.0,30575.34,16783.4,7491.77,1039.18,5260.98,0.01,Tuesday,0.82,25215.63,5359.71
2024-03-13,0,3,13,summer,13598,2866,39.03,0.0,32.48,,1.0,30506.9,16192.01,6230.53,1301.75,6782.61,0.01,Wednesday,0.87,26663.13,3843.77
2024-03-14,0,3,14,summer,13733,2484,31.82,0.0,27.47,,1.0,30379.21,15944.64,6999.84,1379.71,6055.02,0.01,Thursday,0.92,27923.35,2455.86
2024-03-15,0,3,15,summer,14479,3364,38.19,0.0,36.97,,1.0,31442.32,16750.02,7049.98,1049.58,6592.73,0.01,Friday,0.91,28716.79,2725.53
2024-03-16,1,3,16,summer,15342,3766,36.37,0.19,28.68,,1.0,34716.21,20048.12,7393.53,1356.54,5918.02,0.01,Saturday,0.84,29279.98,5436.24
2024-03-17,1,3,17,summer,16956,3935,29.94,0.0,46.89,,1.0,35682.36,19650.02,9589.24,1522.41,4920.68,0.01,Sunday,0.85,30235.12,5447.24
2024-03-18,0,3,18,summer,11613,1743,30.28,0.0,32.73,,1.0,29774.69,17301.24,6088.18,1069.77,5315.5,0.01,Monday,0.89,26561.42,3213.27
2024-03-19,0,3,19,summer,9243,1974,37.13,0.0,30.48,,1.0,27067.71,14292.12,5808.78,968.58,5998.24,0.01,Tuesday,0.87,23456.99,3610.72
2024-03-20,0,3,20,summer,13065,2026,31.71,0.0,31.23,Elephant Festival,1.3,34006.34,17036.38,10276.32,1471.59,5222.05,0.01,Wednesday,0.82,27906.28,6100.06
2024-03-21,0,3,21,summer,11717,2059,35.35,0.0,40.75,Gangaur,1.4,35534.32,18055.35,11440.17,1304.94,4733.87,0.01,Thursday,0.77,27483.48,8050.84
2024-03-22,0,3,22,summer,15395,2400,30.1,0.0,33.74,,1.0,32086.74,16974.8,8153.85,977.82,5980.28,0.01,Friday,0.71,22798.91,9287.84
2024-03-23,1,3,23,summer,10450,2198,33.44,0.0,29.87,,1.0,31969.69,16239.93,7730.17,1561.98,6437.6,0.01,Saturday,0.81,25928.8,6040.89
2024-03-24,1,3,24,summer,17008,3718,38.4,0.0,48.32,,1.0,35559.99,20345.69,7425.38,1668.7,6120.22,0.01,Sunday,0.93,32901.94,2658.05
2024-03-25,0,3,25,summer,18316,2957,34.52,0.0,28.15,,1.0,32864.12,18838.7,8580.65,1525.09,3919.68,0.01,Monday,0.85,28068.06,4796.06
2024-03-26,0,3,26,summer,12923,2434,34.79,0.0,35.28,,1.0,28449.96,15374.67,6320.16,1144.84,5610.29,0.01,Tuesday,0.91,25859.37,2590.59
2024-03-27,0,3,27,summer,12441,2433,30.49,0.0,40.22,,1.0,29504.79,16371.74,7489.28,1218.59,4425.18,0.01,Wednesday,0.83,24437.23,5067.56
2024-03-28,0,3,28,summer,11363,2123,36.85,0.0,21.95,,1.0,27527.61,16375.36,7989.19,1307.96,1855.1,0.01,Thursday,0.83,22969.49,4558.13
2024-03-29,0,3,29,summer,12502,2026,32.8,0.0,38.84,,1.0,29520.58,17126.12,8689.17,943.77,2761.52,0.01,Friday,0.78,23130.84,6389.74
2024-03-30,1,3,30,summer,14152,2715,35.96,0.0,26.56,,1.0,35493.23,18687.63,8855.76,1665.72,6284.13,0.01,Saturday,0.78,27847.84,7645.39
2024-03-31,1,3,31,summer,14972,3370,29.96,0.0,41.6,,1.0,33512.29,18449.07,9209.29,1098.51,4755.42,0.01,Sunday,0.83,27945.45,5566.85
2024-04-01,0,4,1,summer,11689,1836,32.61,0.0,27.3,,1.0,28671.11,15059.25,7832.31,954.6,4824.96,0.01,Monday,0.87,25045.07,3626.04
2024-04-02,0,4,2,summer,9664,1527,35.16,0.0,40.54,,1.0,27287.31,14602.41,6180.21,1009.56,5495.13,0.01,Tuesday,0.83,22713.34,4573.97
2024-04-03,0,4,3,summer,12303,2281,36.69,0.0,43.85,,1.0,29069.5,16593.81,6883.21,1194.91,4397.56,0.01,Wednesday,0.95,27616.02,1453.47
2024-04-04,0,4,4,summer,7165,1749,37.5,0.0,41.89,,1.0,27595.8,14073.67,7740.67,1032.02,4749.44,0.01,Thursday,0.85,23326.86,4268.94
2024-04-05,0,4,5,summer,8517,1846,33.84,0.33,37.18,,1.0,25752.19,14546.21,7018.48,880.55,3306.95,0.01,Friday,0.91,23344.31,2407.88
2024-04-06,1,4,6,summer,13979,3045,28.64,0.0,33.83,,1.0,34937.45,20559.55,9140.42,1347.69,3889.78,0.01,Saturday,0.79,27658.22,7279.23
2024-04-07,1,4,7,summer,16558,3082,36.48,0.0,30.39,,1.0,33846.72,17540.51,9958.72,1526.53,4820.96,0.01,Sunday,0.86,29241.09,4605.63
2024-04-08,0,4,8,summer,9847,2061,34.06,0.0,46.77,,1.0,28483.44,14834.25,6658.61,1315.75,5674.84,0.01,Monday,0.9,25532.58,2950.86
2024-04-09,0,4,9,summer,14133,2134,34.01,0.0,29.4,,1.0,30720.77,17497.56,8496.7,1192.7,3533.8,0.01,Tuesday,0.86,26432.9,4287.86
2024-04-10,0,4,10,summer,16653,3557,31.94,0.0,26.7,,1.0,31299.34,17892.19,7469.57,1071.23,4866.35,0.01,Wednesday,0.73,22919.75,8379.59
2024-04-11,0,4,11,summer,12459,3006,39.98,0.0,40.32,,1.0,28733.72,16184.77,8551.19,1040.51,2957.24,0.01,Thursday,0.85,24449.88,4283.83
2024-04-12,0,4,12,summer,8985,1898,34.13,0.0,28.63,,1.0,27292.11,14904.14,7297.91,1114.34,3975.72,0.01,Friday,0.91,24877.39,2414.72
2024-04-13,1,4,13,summer,12292,2917,44.76,0.0,27.4,,1.0,36826.23,21519.14,10170.46,1147.72,3988.91,0.01,Saturday,0.84,30931.54,5894.69
2024-04-14,1,4,14,summer,22334,4967,30.47,0.0,23.45,,1.0,39187.65,23506.4,10786.02,1852.72,3042.51,0.01,Sunday,0.9,35080.42,4107.22
2024-04-15,0,4,15,summer,9264,1501,38.37,0.0,31.14,,1.0,29017.84,16398.56,8288.32,935.76,3395.21,0.01,Monday,0.87,25362.58,3655.26
2024-04-16,0,4,16,summer,10640,2556,31.66,0.0,34.34,,1.0,26799.97,14331.92,7708.8,912.09,3847.16,0.01,Tuesday,0.87,23329.88,3470.08
2024-04-17,0,4,17,summer,14299,2239,32.64,0.0,36.94,,1.0,28374.24,14409.12,7911.07,1325.35,4728.68,0.01,Wednesday,0.91,25841.36,2532.87
2024-04-18,0,4,18,summer,12185,2478,31.02,0.0,42.61,,1.0,29961.42,15468.04,8552.03,1310.37,4630.98,0.01,Thursday,0.84,25250.19,4711.23
2024-04-19,0,4,19,summer,13375,2196,35.09,0.0,39.22,,1.0,29765.4,16430.75,8424.35,1142.54,3767.76,0.01,Friday,0.87,25904.57,3860.83
2024-04-20,1,4,20,summer,16538,2500,36.75,0.0,33.47,,1.0,35628.11,18505.22,8140.5,1428.8,7553.59,0.01,Saturday,0.81,28875.45,6752.67
2024-04-21,1,4,21,summer,15125,2907,34.98,0.0,33.41,,1.0,34962.99,19339.19,9809.15,1602.25,4212.4,0.01,Sunday,0.78,27407.76,7555.23
2024-04-22,0,4,22,summer,16612,2981,34.31,0.0,39.08,,1.0,33282.08,18575.95,9255.03,1126.11,4324.98,0.01,Monday,0.74,24535.9,8746.18
2024-04-23,0,4,23,summer,15067,2992,26.99,0.0,46.69,,1.0,31196.55,15754.46,8964.75,983.04,5494.31,0.01,Tuesday,0.87,27189.37,4007.18
2024-04-24,0,4,24,summer,12216,2537,34.69,0.0,36.01,,1.0,30490.65,15997.49,8218.2,1164.41,5110.55,0.01,Wednesday,0.86,26182.24,4308.41
2024-04-25,0,4,25,summer,12757,1969,35.12,0.0,31.25,,1.0,29458.6,17310.8,6769.53,890.75,4487.52,0.01,Thursday,0.82,24129.28,5329.32
2024-04-26,0,4,26,summer,9501,1542,30.12,0.0,27.06,,1.0,29127.79,15439.64,7509.36,1092.84,5085.95,0.01,Friday,0.77,22400.47,6727.31
2024-04-27,1,4,27,summer,12741,2622,39.45,0.0,23.44,,1.0,32354.95,17908.05,9307.22,1561.12,3578.56,0.01,Saturday,0.86,27873.24,4481.71
2024-04-28,1,4,28,summer,15648,2884,34.05,0.0,40.33,,1.0,36837.45,19398.51,9069.9,1509.7,6859.34,0.01,Sunday,0.8,29415.14,7422.31
2024-04-29,0,4,29,summer,10340,2304,35.25,0.0,39.62,,1.0,28821.24,17146.08,8642.39,1000.33,2032.44,0.01,Monday,0.76,21842.08,6979.16
2024-04-30,0,4,30,summer,11679,2513,33.92,0.81,40.02,,1.0,27286.17,15626.73,6488.74,823.01,4347.69,0.01,Tuesday,0.81,22128.6,5157.57
2024-05-01,0,5,1,summer,17423,4086,37.52,0.0,33.97,,1.0,34379.69,17221.65,8459.35,1367.17,7331.52,0.01,Wednesday,0.84,28862.82,5516.87
2024-05-02,0,5,2,summer,11179,2450,33.72,0.0,46.26,,1.0,27027.02,13574.51,7261.96,969.73,5220.82,0.01,Thursday,0.92,24938.95,2088.07
2024-05-03,0,5,3,summer,11739,2265,40.07,0.0,31.13,,1.0,30076.89,16722.43,6920.45,1002.84,5431.17,0.01,Friday,0.77,23104.46,6972.43
2024-05-04,1,5,4,summer,15753,3423,34.93,0.0,42.64,,1.0,34204.5,18494.97,7635.38,1391.99,6682.17,0.01,Saturday,0.9,30819.26,3385.24
2024-05-05,1,5,5,summer,16514,2931,36.08,0.0,34.69,,1.0,35567.23,18490.79,8921.71,1178.97,6975.76,0.01,Sunday,0.82,29210.19,6357.04
2024-05-06,0,5,6,summer,9212,1663,36.23,0.0,30.13,,1.0,27872.93,15806.67,7676.03,897.73,3492.5,0.01,Monday,0.83,23083.99,4788.94
2024-05-07,0,5,7,summer,9516,2178,31.7,0.0,39.74,,1.0,26674.83,14585.27,5524.02,1119.37,5446.17,0.01,Tuesday,0.9,24071.52,2603.31
2024-05-08,0,5,8,summer,10965,2134,41.38,0.0,38.28,,1.0,28030.15,14756.21,7084.97,1130.99,5057.98,0.01,Wednesday,0.8,22328.09,5702.06
2024-05-09,0,5,9,summer,10703,2459,35.44,0.0,37.86,,1.0,29460.78,17453.61,7509.8,1227.34,3270.04,0.01,Thursday,0.87,25550.47,3910.31
2024-05-10,0,5,10,summer,10307,2393,36.26,0.0,35.65,,1.0,26729.39,14438.29,7882.71,1217.36,3191.04,0.01,Friday,0.83,22206.54,4522.86
2024-05-11,1,5,11,summer,16752,3949,39.46,0.0,34.7,,1.0,36225.74,19146.77,10303.36,1400.05,5375.56,0.01,Saturday,0.78,28394.73,7831.01
2024-05-12,1,5,12,summer,17005,4109,41.11,0.0,54.11,,1.0,35046.61,20427.5,9893.27,1183.78,3542.06,0.01,Sunday,0.89,31185.21,3861.41
2024-05-13,0,5,13,summer,17756,3428,28.96,0.0,44.99,,1.0,33920.7,19338.67,7770.02,1219.44,5592.57,0.01,Monday,0.87,29535.12,4385.58
2024-05-14,0,5,14,summer,13446,2445,29.65,0.0,40.96,,1.0,29617.83,15686.63,8072.54,1024.67,4833.98,0.01,Tuesday,0.78,23070.29,6547.54
2024-05-15,0,5,15,summer,11215,2335,33.06,0.0,35.89,,1.0,27631.05,13818.03,7502.48,923.53,5387.01,0.01,Wednesday,0.94,25907.28,1723.77
2024-05-16,0,5,16,summer,13486,2523,31.74,0.0,43.06,,1.0,30583.79,15611.44,6843.17,1149.89,6979.29,0.01,Thursday,0.72,22159.55,8424.24
2024-05-17,0,5,17,summer,13066,2745,34.84,0.0,39.14,,1.0,29619.74,16219.49,6055.96,1463.55,5880.73,0.01,Friday,0.81,24038.25,5581.49
2024-05-18,1,5,18,summer,19083,4208,28.63,0.0,35.9,,1.0,36301.68,20750.27,8433.58,1320.44,5797.39,0.01,Saturday,0.79,28527.23,7774.44
2024-05-19,1,5,19,summer,18127,3966,32.49,0.0,32.57,,1.0,35174.51,19164.98,9237.69,1158.21,5613.63,0.01,Sunday,0.85,29979.55,5194.96
2024-05-20,0,5,20,summer,11862,2223,35.98,0.0,34.35,,1.0,30152.12,15645.72,8621.8,1059.1,4825.5,0.01,Monday,0.86,25959.05,4193.08
2024-05-21,0,5,21,summer,9966,1661,28.29,0.0,20.0,,1.0,26429.81,14219.75,7588.72,1143.43,3477.91,0.01,Tuesday,0.84,22244.89,4184.92
2024-05-22,0,5,22,summer,11015,2126,35.69,0.0,36.68,,1.0,26584.95,14200.91,7134.6,808.01,4441.42,0.01,Wednesday,0.85,22581.26,4003.69
2024-05-23,0,5,23,summer,20263,3328,38.61,0.0,31.09,,1.0,33023.68,18941.2,8213.04,1527.8,4341.64,0.01,Thursday,0.8,26455.23,6568.45
2024-05-24,0,5,24,summer,11119,2657,39.88,0.0,47.74,,1.0,29996.76,17861.98,8776.42,1445.4,1912.96,0.01,Friday,0.78,23251.64,6745.12
2024-05-25,1,5,25,summer,11216,2070,35.49,0.01,35.16,,1.0,32576.0,17956.45,7688.4,1280.26,5650.9,0.01,Saturday,0.86,28048.92,4527.08
2024-05-26,1,5,26,summer,15391,2546,35.82,0.0,25.49,,1.0,33728.0,19190.88,9727.15,1151.46,3658.51,0.01,Sunday,0.73,24552.69,9175.3
2024-05-27,0,5,27,summer,15396,2348,37.19,0.0,34.6,,1.0,29569.24,17499.65,8324.27,1465.96,2279.36,0.01,Monday,0.9,26485.08,3084.16
2024-05-28,0,5,28,summer,12292,2637,30.14,0.0,26.63,,1.0,29676.32,17450.42,6766.02,953.18,4506.7,0.01,Tuesday,0.81,24052.63,5623.69
2024-05-29,0,5,29,summer,7149,1527,34.68,0.0,38.79,,1.0,25214.42,12890.22,5777.19,1066.16,5480.85,0.01,Wednesday,0.88,22305.7,2908.72
2024-05-30,0,5,30,summer,10696,1968,36.46,0.0,37.33,,1.0,27114.53,15738.14,7861.18,1151.69,2363.52,0.01,Thursday,0.84,22662.72,4451.81
2024-05-31,0,5,31,summer,8460,1329,32.36,0.0,42.66,,1.0,26021.54,13025.43,5689.13,832.55,6474.44,0.01,Friday,0.91,23667.21,2354.33
2024-06-01,1,6,1,summer,16735,2359,28.24,0.0,29.55,,1.0,36227.03,19429.73,9061.65,1118.25,6617.39,0.01,Saturday,0.88,31857.67,4369.36
2024-06-02,1,6,2,summer,9786,1283,29.84,0.0,35.35,,1.0,29541.62,15800.27,6437.65,1268.56,6035.14,0.01,Sunday,0.83,24434.58,5107.04
2024-06-03,0,6,3,summer,10572,1773,35.11,0.0,24.08,,1.0,26953.59,14728.17,6725.78,1039.16,4460.47,0.01,Monday,0.88,23782.37,3171.22
2024-06-04,0,6,4,summer,9304,1494,32.08,0.0,40.61,,1.0,27480.61,16367.51,6086.23,1108.38,3918.49,0.01,Tuesday,0.82,22418.08,5062.53
2024-06-05,0,6,5,summer,5748,784,23.78,0.0,42.26,,1.0,24815.3,14234.1,6344.89,1205.54,3030.78,0.01,Wednesday,0.78,19445.52,5369.78
2024-06-06,0,6,6,summer,9523,1159,31.98,15.33,46.63,,1.0,26486.35,14244.28,6525.38,841.48,4875.21,0.01,Thursday,0.76,20100.95,6385.4
2024-06-07,0,6,7,summer,6204,1233,26.35,33.36,53.52,,1.0,24985.69,14014.47,5717.26,829.68,4424.28,0.01,Friday,0.76,18963.32,6022.37
2024-06-08,1,6,8,summer,10660,1549,34.28,10.53,43.58,,1.0,32055.12,17773.06,8117.35,1010.29,5154.41,0.01,Saturday,0.82,26213.77,5841.35
2024-06-09,1,6,9,summer,10080,1701,35.04,0.0,47.83,,1.0,28394.64,16179.88,7450.11,959.18,3805.48,0.01,Sunday,0.77,21855.19,6539.46
2024-06-10,0,6,10,summer,3596,410,37.32,24.62,45.03,,1.0,24233.81,13254.52,6592.38,983.62,3403.29,0.01,Monday,0.66,16071.66,8162.14
2024-06-11,0,6,11,summer,7900,1173,32.03,0.0,36.11,,1.0,24828.68,13396.29,5766.06,1047.97,4618.37,0.01,Tuesday,0.88,21736.63,3092.05
2024-06-12,0,6,12,summer,8325,855,29.82,22.83,37.82,,1.0,25509.53,15150.39,6815.5,803.42,2740.23,0.01,Wednesday,0.71,17985.63,7523.9
2024-06-13,0,6,13,summer,8071,1215,31.83,0.0,28.05,,1.0,25346.13,13840.72,7327.12,808.27,3370.02,0.01,Thursday,0.93,23593.5,1752.63
2024-06-14,0,6,14,summer,9461,1858,28.84,0.0,36.36,,1.0,28927.87,17324.54,8531.03,913.12,2159.18,0.01,Friday,0.81,23474.35,5453.52
2024-06-15,1,6,15,summer,9092,1258,28.57,26.2,57.65,,1.0,28837.81,17110.66,6814.76,1352.33,3560.06,0.01,Saturday,0.74,21322.61,7515.2
2024-06-16,1,6,16,summer,11013,1144,31.4,0.0,32.95,,1.0,31647.62,17147.89,7724.73,1350.87,5424.13,0.01,Sunday,0.83,26260.55,5387.07
2024-06-17,0,6,17,summer,5358,552,26.09,0.0,35.07,,1.0,24050.61,13887.97,4891.39,1006.83,4264.42,0.01,Monday,0.74,17793.95,6256.66
2024-06-18,0,6,18,summer,9682,1343,29.68,0.0,31.9,,1.0,27647.28,14339.91,6485.91,1021.83,5799.64,0.01,Tuesday,0.84,23195.29,4451.99
2024-06-19,0,6,19,summer,4868,564,34.93,0.0,30.72,,1.0,23439.96,12819.46,5471.21,753.53,4395.77,0.01,Wednesday,0.86,20213.34,3226.62
2024-06-20,0,6,20,summer,9644,986,26.52,0.0,39.1,,1.0,24177.87,12441.03,4916.42,952.73,5867.69,0.01,Thursday,0.79,19190.94,4986.92
2024-06-21,0,6,21,summer,11163,1960,33.02,0.0,23.02,,1.0,29287.17,17438.89,6196.21,1432.88,4219.18,0.01,Friday,0.8,23299.86,5987.31
2024-06-22,1,6,22,summer,11280,1645,29.19,2.28,46.79,,1.0,31456.7,18035.26,8296.7,1349.67,3775.07,0.01,Saturday,0.83,26205.04,5251.67
2024-06-23,1,6,23,summer,12357,1593,29.55,0.0,29.9,,1.0,32307.16,18824.5,6806.86,1295.36,5380.44,0.01,Sunday,0.88,28318.72,3988.44
2024-06-24,0,6,24,summer,8803,1672,30.22,21.01,51.28,,1.0,25914.85,14763.92,6703.71,1209.07,3238.14,0.01,Monday,0.79,20391.24,5523.6
2024-06-25,0,6,25,summer,6014,671,28.0,0.0,25.84,,1.0,25290.38,12827.97,6804.88,1028.83,4628.7,0.01,Tuesday,0.85,21583.22,3707.16
2024-06-26,0,6,26,summer,8409,1644,26.06,2.24,43.44,,1.0,25771.52,13862.91,6031.24,1093.14,4784.22,0.01,Wednesday,0.85,21780.14,3991.37
2024-06-27,0,6,27,summer,5712,750,31.4,0.0,40.38,,1.0,25889.76,15251.64,6462.54,1203.73,2971.84,0.01,Thursday,0.95,24595.27,1294.49
2024-06-28,0,6,28,summer,6342,1197,31.2,0.0,38.07,,1.0,25278.83,13656.02,5314.61,789.46,5518.74,0.01,Friday,0.78,19718.32,5560.51
2024-06-29,1,6,29,summer,12246,1962,30.7,0.0,27.04,,1.0,32355.26,16343.72,7701.04,1188.89,7121.61,0.01,Saturday,0.87,28109.83,4245.43
2024-06-30,1,6,30,summer,12733,2325,32.77,0.0,37.0,,1.0,33706.62,19273.23,9245.12,1045.48,4142.78,0.01,Sunday,0.9,30219.02,3487.6
2024-07-01,0,7,1,monsoon,8673,1720,27.28,0.0,62.16,,1.0,29829.0,18556.99,5292.44,923.27,5056.29,0.01,Monday,0.8,23890.01,5938.98
2024-07-02,0,7,2,monsoon,5669,730,29.72,50.26,92.1,,1.0,25497.56,15667.02,4166.15,991.24,4673.16,0.01,Tuesday,0.62,15697.92,9799.65
2024-07-03,0,7,3,monsoon,8468,1660,28.81,12.91,94.4,,1.0,27288.06,18567.35,4586.18,767.65,3366.88,0.01,Wednesday,0.8,21958.25,5329.81
2024-07-04,0,7,4,monsoon,6335,880,29.57,40.01,95.0,,1.0,24375.8,15492.34,5584.51,736.25,2562.7,0.01,Thursday,0.69,16817.56,7558.25
2024-07-05,0,7,5,monsoon,10161,1407,27.39,0.0,76.49,,1.0,29829.78,18279.24,6678.86,833.38,4038.3,0.01,Friday,0.91,27027.17,2802.6
2024-07-06,1,7,6,monsoon,11834,1586,26.84,3.3,66.53,,1.0,31221.65,19553.88,5855.62,935.25,4876.9,0.01,Saturday,0.89,27763.33,3458.31
2024-07-07,1,7,7,monsoon,8594,1324,25.02,17.3,93.89,,1.0,29547.62,18742.4,5146.92,826.45,4831.86,0.01,Sunday,0.78,23123.09,6424.53
2024-07-08,0,7,8,monsoon,8125,937,29.14,112.27,95.0,,1.0,26761.95,16108.48,6081.65,626.74,3945.09,0.01,Monday,0.65,17317.47,9444.48
2024-07-09,0,7,9,monsoon,12892,2003,35.77,0.0,47.16,,1.0,29745.58,17977.94,6406.3,1055.34,4306.0,0.01,Tuesday,0.86,25592.34,4153.24
2024-07-10,0,7,10,monsoon,7714,1189,27.18,0.0,85.8,,1.0,26309.9,17927.12,5244.9,634.26,2503.62,0.01,Wednesday,0.87,22949.7,3360.2
2024-07-11,0,7,11,monsoon,8443,1487,30.95,74.17,94.71,,1.0,27573.77,18577.07,6065.44,687.29,2243.97,0.01,Thursday,0.67,18506.83,9066.93
2024-07-12,0,7,12,monsoon,6032,1106,33.44,15.71,95.0,,1.0,26990.59,18632.7,4330.29,1070.28,2957.31,0.01,Friday,0.69,18655.96,8334.63
2024-07-13,1,7,13,monsoon,12300,1771,31.17,0.0,61.86,,1.0,33066.3,22684.3,7234.57,1282.15,1865.28,0.01,Saturday,0.77,25401.0,7665.3
2024-07-14,1,7,14,monsoon,10957,1426,32.55,96.32,56.88,,1.0,31547.67,21207.32,5333.0,909.93,4097.41,0.01,Sunday,0.62,19573.63,11974.04
2024-07-15,0,7,15,monsoon,7110,895,27.93,43.54,95.0,,1.0,24939.89,15142.26,4712.79,868.71,4216.14,0.01,Monday,0.69,17297.76,7642.14
2024-07-16,0,7,16,monsoon,10575,1263,29.55,9.03,83.24,,1.0,29871.86,19077.49,5467.43,953.12,4373.81,0.01,Tuesday,0.82,24530.83,5341.03
2024-07-17,0,7,17,monsoon,7595,803,27.72,51.09,75.85,,1.0,26870.13,18465.7,4158.38,744.56,3501.5,0.01,Wednesday,0.6,16122.08,10748.05
2024-07-18,0,7,18,monsoon,8953,1201,31.66,22.25,74.38,,1.0,28565.7,17591.44,6271.18,631.72,4071.35,0.01,Thursday,0.81,23074.31,5491.38
2024-07-19,0,7,19,monsoon,8409,1068,30.78,52.51,95.0,,1.0,26577.91,17713.67,4747.3,637.29,3479.65,0.01,Friday,0.75,19982.88,6595.03
2024-07-20,1,7,20,monsoon,14464,2844,28.02,13.82,79.23,,1.0,36402.28,25249.9,5527.78,1046.77,4577.83,0.01,Saturday,0.77,28032.71,8369.57
2024-07-21,1,7,21,monsoon,12511,1948,28.79,38.73,95.0,,1.0,34691.48,20889.91,6881.38,1041.47,5878.72,0.01,Sunday,0.66,23045.89,11645.58
2024-07-22,0,7,22,monsoon,7426,1000,31.75,31.33,82.86,,1.0,27390.58,17315.4,4470.59,754.0,4850.59,0.01,Monday,0.68,18495.76,8894.82
2024-07-23,0,7,23,monsoon,5734,906,33.44,20.5,60.17,,1.0,26562.92,17723.48,6062.71,813.22,1963.51,0.01,Tuesday,0.77,20533.2,6029.72
2024-07-24,0,7,24,monsoon,5656,644,30.18,126.61,92.96,,1.0,25117.31,16551.89,4271.49,646.69,3647.24,0.01,Wednesday,0.66,16579.61,8537.7
2024-07-25,0,7,25,monsoon,4607,665,27.12,8.43,77.47,,1.0,26249.48,16174.66,4591.81,643.05,4839.96,0.01,Thursday,0.83,21901.64,4347.85
2024-07-26,0,7,26,monsoon,4770,775,27.92,16.96,79.72,,1.0,22847.3,14895.18,4712.69,888.74,2350.7,0.01,Friday,0.76,17346.34,5500.95
2024-07-27,1,7,27,monsoon,8421,1253,29.35,0.0,73.95,,1.0,32857.22,20356.92,7036.95,1194.2,4269.14,0.01,Saturday,0.82,26863.16,5994.05
2024-07-28,1,7,28,monsoon,14829,2078,30.97,0.0,78.17,,1.0,36315.0,23823.52,6373.3,916.99,5201.2,0.01,Sunday,0.87,31439.21,4875.79
2024-07-29,0,7,29,monsoon,9778,1949,27.1,0.0,74.65,,1.0,28086.22,16961.98,5070.81,979.99,5073.44,0.01,Monday,0.84,23727.5,4358.72
2024-07-30,0,7,30,monsoon,8084,1520,32.8,27.07,73.36,,1.0,27882.9,16862.23,4793.89,951.49,5275.28,0.01,Tuesday,0.66,18281.45,9601.45
2024-07-31,0,7,31,monsoon,9279,1506,30.9,17.84,89.75,,1.0,28968.2,19648.12,5664.21,983.8,2672.07,0.01,Wednesday,0.84,24345.32,4622.88
2024-08-01,0,8,1,monsoon,5571,874,33.72,0.0,51.61,,1.0,26003.52,16610.92,4316.36,727.14,4349.1,0.01,Thursday,0.82,21338.83,4664.69
2024-08-02,0,8,2,monsoon,5013,812,35.3,125.27,70.4,,1.0,25456.41,16750.23,6231.86,544.13,1930.18,0.01,Friday,0.6,15273.84,10182.56
2024-08-03,1,8,3,monsoon,18196,2185,35.68,0.0,83.87,Teej,1.5,48581.19,30156.26,11314.17,1465.51,5645.25,0.01,Saturday,0.83,40162.54,8418.66
2024-08-04,1,8,4,monsoon,13854,1932,31.98,61.36,95.0,,1.0,35481.98,21374.26,6432.97,1291.45,6383.3,0.01,Sunday,0.72,25417.28,10064.7
2024-08-05,0,8,5,monsoon,8134,845,30.44,32.55,90.59,,1.0,26449.88,17335.1,5159.27,680.04,3275.48,0.01,Monday,0.72,19054.69,7395.19
2024-08-06,0,8,6,monsoon,8011,1182,30.98,38.56,77.53,,1.0,27361.78,17232.56,5152.5,1004.49,3972.22,0.01,Tuesday,0.61,16782.21,10579.57
2024-08-07,0,8,7,monsoon,7014,1082,28.82,72.49,87.1,,1.0,27117.94,18893.65,5257.23,755.7,2211.36,0.01,Wednesday,0.72,19546.44,7571.5
2024-08-08,0,8,8,monsoon,9080,1114,35.15,0.0,71.85,,1.0,29694.98,20330.82,5721.94,921.74,2720.48,0.01,Thursday,0.78,23151.62,6543.36
2024-08-09,0,8,9,monsoon,6017,1181,31.9,17.68,64.69,,1.0,24688.25,15383.11,5538.82,756.44,3009.89,0.01,Friday,0.68,16696.88,7991.37
2024-08-10,1,8,10,monsoon,8270,1579,28.64,0.0,66.81,,1.0,30129.51,20515.29,6871.74,732.15,2010.34,0.01,Saturday,0.85,25491.06,4638.44
2024-08-11,1,8,11,monsoon,12612,2171,31.32,38.24,95.0,,1.0,32598.54,21891.99,7497.84,877.62,2331.08,0.01,Sunday,0.6,19559.12,13039.41
2024-08-12,0,8,12,monsoon,4774,732,22.86,21.99,95.0,,1.0,24083.29,14865.67,3618.83,698.85,4899.93,0.01,Monday,0.79,19133.82,4949.47
2024-08-13,0,8,13,monsoon,8011,1498,33.91,85.4,89.97,,1.0,27757.29,17632.63,5703.87,659.54,3761.25,0.01,Tuesday,0.6,16654.37,11102.92
2024-08-14,0,8,14,monsoon,7192,813,28.61,24.12,95.0,,1.0,27200.77,18658.82,4781.23,667.2,3093.53,0.01,Wednesday,0.78,21148.96,6051.81
2024-08-15,0,8,15,monsoon,10773,1928,33.1,0.0,52.03,Independence Day,1.2,34029.45,21032.63,8503.45,826.97,3666.39,0.01,Thursday,0.82,28031.05,5998.4
2024-08-16,0,8,16,monsoon,8558,962,30.54,0.0,82.91,,1.0,27329.66,17140.78,4563.25,939.3,4686.33,0.01,Friday,0.86,23609.43,3720.23
2024-08-17,1,8,17,monsoon,12850,2305,30.86,17.18,73.94,,1.0,34153.3,23122.09,6702.0,1170.83,3158.38,0.01,Saturday,0.74,25193.41,8959.89
2024-08-18,1,8,18,monsoon,11353,1448,29.74,29.29,93.46,,1.0,34962.34,23550.4,5727.79,1374.84,4309.3,0.01,Sunday,0.68,23785.05,11177.28
2024-08-19,0,8,19,monsoon,11212,2104,30.22,95.09,92.03,,1.0,30483.13,20792.64,5195.8,723.16,3771.53,0.01,Monday,0.6,18289.88,12193.25
2024-08-20,0,8,20,monsoon,8291,1611,25.77,11.29,95.0,,1.0,27553.68,16878.45,4514.34,963.37,5197.53,0.01,Tuesday,0.81,22434.4,5119.27
2024-08-21,0,8,21,monsoon,8839,1015,21.9,30.7,83.91,,1.0,27396.54,17724.61,6254.45,956.83,2460.65,0.01,Wednesday,0.68,18762.21,8634.33
2024-08-22,0,8,22,monsoon,5774,844,32.47,23.88,94.47,,1.0,25851.5,17073.91,5652.08,526.52,2598.98,0.01,Thursday,0.71,18303.56,7547.94
2024-08-23,0,8,23,monsoon,7057,1397,36.08,87.59,91.65,,1.0,26872.84,16961.54,5744.94,542.48,3623.89,0.01,Friday,0.64,17291.6,9581.24
2024-08-24,1,8,24,monsoon,12306,1825,26.91,35.43,92.36,,1.0,31331.03,18901.94,7368.71,1055.24,4005.14,0.01,Saturday,0.65,20517.29,10813.73
2024-08-25,1,8,25,monsoon,9082,1692,25.54,35.05,92.55,Jannashtami,1.3,37955.25,22641.71,10202.23,1360.66,3750.65,0.01,Sunday,0.6,22773.15,15182.1
2024-08-26,0,8,26,monsoon,10755,1708,29.97,28.9,79.32,,1.0,28912.75,18234.68,4441.11,1117.64,5119.33,0.01,Monday,0.65,18851.04,10061.71
2024-08-27,0,8,27,monsoon,11619,1597,25.54,0.0,77.06,,1.0,28361.22,17995.71,4556.18,846.22,4963.12,0.01,Tuesday,0.77,21922.64,6438.58
2024-08-28,0,8,28,monsoon,5786,743,29.13,0.0,74.68,,1.0,25712.96,17403.73,4426.86,652.85,3229.51,0.01,Wednesday,0.92,23748.67,1964.29
2024-08-29,0,8,29,monsoon,6702,806,30.35,37.69,95.0,,1.0,24076.74,15030.43,5999.14,576.59,2470.59,0.01,Thursday,0.7,16885.92,7190.83
2024-08-30,0,8,30,monsoon,8058,1419,30.18,0.0,76.01,,1.0,27336.4,17975.11,6629.8,627.04,2104.45,0.01,Friday,0.89,24345.8,2990.61
2024-08-31,1,8,31,monsoon,12948,1795,26.38,76.46,95.0,,1.0,34606.76,23396.73,8214.63,1265.06,1730.34,0.01,Saturday,0.61,21155.59,13451.16
2024-09-01,1,9,1,monsoon,14647,2213,29.98,0.0,86.09,,1.0,37353.91,23213.8,7971.53,1315.52,4853.06,0.01,Sunday,0.93,34819.91,2534.0
2024-09-02,0,9,2,monsoon,8001,1194,29.26,6.58,66.05,,1.0,25931.84,18116.06,4357.65,915.93,2542.21,0.01,Monday,0.78,20289.5,5642.34
2024-09-03,0,9,3,monsoon,8307,1310,27.8,0.0,86.52,,1.0,27570.65,17476.49,4619.81,783.77,4690.59,0.01,Tuesday,0.83,22939.98,4630.67
2024-09-04,0,9,4,monsoon,5351,998,26.13,3.83,64.61,,1.0,26398.65,17934.81,5186.94,811.77,2465.13,0.01,Wednesday,0.73,19234.32,7164.33
2024-09-05,0,9,5,monsoon,4334,858,33.37,0.0,82.05,,1.0,25792.3,18042.13,4898.24,833.3,2018.64,0.01,Thursday,0.91,23395.63,2396.67
2024-09-06,0,9,6,monsoon,8740,1230,31.21,0.0,82.44,,1.0,29246.8,18616.3,5535.79,991.84,4102.86,0.01,Friday,0.8,23313.06,5933.74
2024-09-07,1,9,7,monsoon,7966,1455,28.88,0.0,52.63,,1.0,30587.71,21221.41,6247.11,1081.83,2037.37,0.01,Saturday,0.86,26290.17,4297.54
2024-09-08,1,9,8,monsoon,8266,1458,28.56,0.0,76.84,,1.0,33091.49,20150.09,5662.48,994.16,6284.77,0.01,Sunday,0.85,28173.42,4918.07
2024-09-09,0,9,9,monsoon,5456,858,32.3,8.5,73.63,,1.0,27836.43,16757.56,4879.32,844.78,5354.76,0.01,Monday,0.82,22943.23,4893.19
2024-09-10,0,9,10,monsoon,6871,1343,27.81,0.0,66.99,,1.0,27622.03,16614.54,4874.04,836.41,5297.04,0.01,Tuesday,0.87,24127.81,3494.22
2024-09-11,0,9,11,monsoon,7637,916,31.54,0.0,91.21,,1.0,27821.67,18287.6,6748.85,915.53,1869.7,0.01,Wednesday,0.92,25520.99,2300.69
2024-09-12,0,9,12,monsoon,10365,1149,27.13,36.27,86.73,,1.0,29042.38,18629.92,7058.32,1036.75,2317.4,0.01,Thursday,0.63,18268.27,10774.11
2024-09-13,0,9,13,monsoon,8271,1533,33.23,0.0,65.32,,1.0,27838.06,17259.62,4539.95,933.03,5105.46,0.01,Friday,0.86,23891.32,3946.74
2024-09-14,1,9,14,monsoon,8288,1192,25.53,0.0,78.15,,1.0,30739.68,20164.87,7038.38,1069.01,2467.42,0.01,Saturday,0.81,24905.35,5834.32
2024-09-15,1,9,15,monsoon,7457,1377,26.5,0.0,84.98,,1.0,30546.35,20237.6,7594.99,936.91,1776.85,0.01,Sunday,0.87,26603.99,3942.36
2024-09-16,0,9,16,monsoon,6821,1291,30.24,8.51,77.56,,1.0,25424.4,15542.21,5919.5,636.55,3326.15,0.01,Monday,0.74,18882.32,6542.08
2024-09-17,0,9,17,monsoon,11596,1232,27.65,5.05,92.7,,1.0,30179.26,20295.8,7358.23,1016.27,1508.96,0.01,Tuesday,0.92,27692.99,2486.27
2024-09-18,0,9,18,monsoon,6061,1141,23.78,15.43,92.2,,1.0,25548.51,16851.88,5008.5,697.17,2990.97,0.01,Wednesday,0.68,17479.58,8068.94
2024-09-19,0,9,19,monsoon,8511,1232,28.09,0.0,49.81,,1.0,29156.27,18522.99,6228.87,1021.21,3383.2,0.01,Thursday,0.93,27157.07,1999.21
2024-09-20,0,9,20,monsoon,10826,1635,31.98,0.0,68.65,,1.0,28047.7,18731.71,4763.65,838.06,3714.29,0.01,Friday,0.86,24099.76,3947.94
2024-09-21,1,9,21,monsoon,10427,1696,27.48,49.24,89.52,,1.0,30218.76,20523.5,5970.33,928.7,2796.24,0.01,Saturday,0.69,20828.01,9390.76
2024-09-22,1,9,22,monsoon,8827,1700,28.56,0.0,81.47,,1.0,31420.55,21275.28,6790.81,885.65,2468.81,0.01,Sunday,0.8,25073.29,6347.26
2024-09-23,0,9,23,monsoon,7426,756,28.94,0.0,44.03,,1.0,26732.52,18433.17,4444.46,1066.9,2787.98,0.01,Monday,0.89,23759.83,2972.69
2024-09-24,0,9,24,monsoon,8351,1233,33.32,0.0,95.0,,1.0,27869.2,17052.76,4222.05,1053.47,5540.94,0.01,Tuesday,0.88,24405.73,3463.48
2024-09-25,0,9,25,monsoon,9595,1619,25.54,33.2,95.0,,1.0,28716.75,17933.48,6402.97,1040.13,3340.17,0.01,Wednesday,0.63,18038.8,10677.95
2024-09-26,0,9,26,monsoon,7397,1274,33.48,0.0,76.79,,1.0,26290.6,17827.41,6475.98,672.68,1314.53,0.01,Thursday,0.74,19502.18,6788.41
2024-09-27,0,9,27,monsoon,9215,1559,27.99,18.74,95.0,,1.0,28101.09,18856.52,4539.45,790.66,3914.47,0.01,Friday,0.78,21836.92,6264.17
2024-09-28,1,9,28,monsoon,6837,775,33.15,0.0,95.0,,1.0,29841.25,20435.2,5573.32,949.61,2883.12,0.01,Saturday,0.84,25072.98,4768.27
2024-09-29,1,9,29,monsoon,8723,1133,28.21,0.0,86.34,,1.0,31572.86,20534.27,6775.38,1245.8,3017.41,0.01,Sunday,0.88,27755.07,3817.79
2024-09-30,0,9,30,monsoon,6237,847,27.55,0.0,87.61,,1.0,26080.37,15793.58,5408.97,971.77,3906.05,0.01,Monday,0.79,20649.57,5430.8
2024-10-01,0,10,1,monsoon,8158,1472,21.41,0.0,80.87,,1.0,26250.22,17013.77,4143.67,819.29,4273.49,0.01,Tuesday,0.83,21663.01,4587.21
2024-10-02,0,10,2,monsoon,14082,1800,27.85,0.0,74.38,,1.0,29679.84,18793.5,4911.84,1097.58,4876.92,0.01,Wednesday,0.81,23922.49,5757.35
2024-10-03,0,10,3,monsoon,13267,1606,27.51,0.0,70.54,,1.0,30866.29,20129.76,7510.62,1114.9,2111.01,0.01,Thursday,0.86,26697.58,4168.71
2024-10-04,0,10,4,monsoon,11988,2346,25.89,0.0,67.14,,1.0,30078.33,20131.34,4526.87,858.93,4561.19,0.01,Friday,0.88,26521.95,3556.38
2024-10-05,1,10,5,monsoon,17120,1727,23.6,0.0,69.96,,1.0,33893.94,21005.72,8171.14,796.23,3920.85,0.01,Saturday,0.8,27076.14,6817.8
2024-10-06,1,10,6,monsoon,20841,4163,25.84,0.0,60.87,,1.0,39604.57,24895.67,7987.59,1000.7,5720.6,0.01,Sunday,0.93,36765.03,2839.54
2024-10-07,0,10,7,monsoon,11928,2000,23.01,0.0,77.59,,1.0,28033.03,17408.13,5884.41,610.52,4129.97,0.01,Monday,0.77,21595.97,6437.06
2024-10-08,0,10,8,monsoon,10523,1924,27.13,0.0,56.22,,1.0,29739.72,18016.82,5568.01,1023.44,5131.45,0.01,Tuesday,0.92,27240.73,2499.0
2024-10-09,0,10,9,monsoon,10664,1380,29.81,6.58,80.68,,1.0,29310.78,19212.65,5636.1,917.87,3544.16,0.01,Wednesday,0.88,25696.66,3614.11
2024-10-10,0,10,10,monsoon,10303,1045,24.64,1.53,78.01,,1.0,26975.84,17171.34,6571.71,569.14,2663.65,0.01,Thursday,0.83,22315.35,4660.49
2024-10-11,0,10,11,monsoon,15713,2730,19.17,0.0,82.18,,1.0,32567.67,21733.68,7787.85,1174.97,1871.17,0.01,Friday,0.87,28253.39,4314.28
2024-10-12,1,10,12,monsoon,17023,3122,19.75,0.0,73.86,,1.0,34275.4,21196.05,6155.61,1177.05,5746.69,0.01,Saturday,0.8,27588.02,6687.38
2024-10-13,1,10,13,monsoon,16554,2881,24.05,0.0,95.0,,1.0,36542.12,22233.22,8448.03,1256.25,4604.62,0.01,Sunday,0.87,31940.58,4601.55
2024-10-14,0,10,14,monsoon,10379,1186,28.01,0.0,92.32,,1.0,27094.06,18233.24,4335.7,930.82,3594.3,0.01,Monday,0.91,24638.95,2455.11
2024-10-15,0,10,15,monsoon,13054,2288,27.75,0.42,61.4,,1.0,31138.57,20800.0,7258.16,648.68,2431.74,0.01,Tuesday,0.89,27861.72,3276.85
2024-10-16,0,10,16,monsoon,10114,1789,26.0,0.0,79.79,,1.0,28887.94,17399.53,5410.73,663.72,5413.96,0.01,Wednesday,0.83,23845.85,5042.09
2024-10-17,0,10,17,monsoon,8616,1428,24.29,0.0,70.56,,1.0,27816.76,18243.3,6724.28,774.13,2075.05,0.01,Thursday,0.81,22602.34,5214.42
2024-10-18,0,10,18,monsoon,13090,2311,24.35,0.0,65.65,,1.0,29967.24,20512.43,4495.81,700.34,4258.66,0.01,Friday,0.91,27191.63,2775.62
2024-10-19,1,10,19,monsoon,15337,2831,28.06,0.0,59.89,,1.0,34803.23,20987.82,6362.54,1328.22,6124.64,0.01,Saturday,0.78,27098.63,7704.6
2024-10-20,1,10,20,monsoon,12090,1950,30.17,0.0,80.19,,1.0,30836.49,18800.86,6495.43,895.18,4645.02,0.01,Sunday,0.82,25364.89,5471.6
2024-10-21,0,10,21,monsoon,11918,1297,27.47,0.0,68.09,,1.0,31201.67,21649.18,5062.53,756.35,3733.61,0.01,Monday,0.86,26821.13,4380.54
2024-10-22,0,10,22,monsoon,8742,1300,26.66,0.0,88.28,,1.0,27008.39,16284.82,5223.25,690.24,4810.08,0.01,Tuesday,0.85,23084.62,3923.77
2024-10-23,0,10,23,monsoon,13775,1484,23.47,0.0,90.19,,1.0,30627.12,21040.55,6446.83,988.7,2151.05,0.01,Wednesday,0.87,26584.64,4042.49
2024-10-24,0,10,24,monsoon,11295,1589,27.84,0.0,92.56,,1.0,29331.59,19159.13,4669.15,847.69,4655.61,0.01,Thursday,0.86,25163.91,4167.68
2024-10-25,0,10,25,monsoon,10795,1518,19.93,0.0,69.81,,1.0,28011.77,19176.04,6397.66,1037.47,1400.59,0.01,Friday,0.95,26611.18,1400.59
2024-10-26,1,10,26,monsoon,12456,1327,26.4,0.0,82.51,,1.0,33488.77,22850.15,5368.39,822.11,4448.12,0.01,Saturday,0.89,29781.4,3707.38
2024-10-27,1,10,27,monsoon,13903,1875,26.91,0.0,84.13,,1.0,32707.67,19634.81,5898.86,725.2,6448.8,0.01,Sunday,0.81,26588.65,6119.01
2024-10-28,0,10,28,monsoon,13235,1470,25.86,0.0,71.38,,1.0,30119.57,19495.78,6557.41,1129.19,2937.19,0.01,Monday,0.85,25724.06,4395.51
2024-10-29,0,10,29,monsoon,10817,1955,17.98,0.0,71.75,,1.0,29556.63,19948.41,7207.64,622.99,1777.59,0.01,Tuesday,0.94,27729.46,1827.16
2024-10-30,0,10,30,monsoon,8366,1629,22.38,0.0,95.0,,1.0,27161.74,16330.13,5870.57,700.42,4260.62,0.01,Wednesday,0.89,24259.63,2902.11
2024-10-31,0,10,31,monsoon,14358,1539,23.97,0.0,80.75,,1.0,31496.41,19696.28,5766.64,799.88,5233.61,0.01,Thursday,0.79,24836.49,6659.92
2024-11-01,0,11,1,monsoon,12785,4417,24.93,0.0,85.17,,1.0,31518.99,20523.39,6115.15,953.4,3927.04,0.01,Friday,0.9,28286.63,3232.35
2024-11-02,1,11,2,monsoon,17408,5261,24.37,0.0,67.95,,1.0,36175.38,24138.79,6826.77,905.33,4304.49,0.01,Saturday,0.87,31499.07,4676.31
2024-11-03,1,11,3,monsoon,16422,4597,24.02,0.0,63.36,,1.0,35135.55,21665.29,6498.23,1223.99,5748.05,0.01,Sunday,0.89,31274.69,3860.86
2024-11-04,0,11,4,monsoon,10110,2605,24.25,0.05,71.06,Diwali,1.8,46309.91,29900.94,12350.42,1142.95,2915.6,0.01,Monday,0.75,34690.23,11619.69
2024-11-05,0,11,5,monsoon,14854,4457,29.87,0.0,73.58,Diwali,1.8,50768.63,31923.75,13051.04,1507.08,4286.76,0.01,Tuesday,0.83,42255.5,8513.13
2024-11-06,0,11,6,monsoon,13084,4310,29.13,0.0,62.66,Diwali,1.8,47949.06,29968.06,11947.9,1501.24,4531.85,0.01,Wednesday,0.82,39085.26,8863.8
2024-11-07,0,11,7,monsoon,16312,5231,24.95,0.0,77.41,Diwali,1.8,49561.25,31796.05,10455.58,1734.27,5575.35,0.01,Thursday,0.7,34494.86,15066.39
2024-11-08,0,11,8,monsoon,12699,3238,24.28,0.0,57.6,,1.0,31073.0,19066.04,4867.98,1228.05,5910.92,0.01,Friday,0.93,28757.21,2315.79
2024-11-09,1,11,9,monsoon,15594,4012,22.66,0.0,65.23,,1.0,36792.19,25596.29,5741.19,1062.01,4392.7,0.01,Saturday,0.75,27618.11,9174.07
2024-11-10,1,11,10,monsoon,18765,5447,23.33,0.0,86.38,,1.0,40516.32,25064.39,8043.89,1483.04,5925.0,0.01,Sunday,0.77,31381.5,9134.83
2024-11-11,0,11,11,monsoon,11020,3080,32.31,0.0,82.25,,1.0,29643.11,20603.78,6326.59,802.68,1910.07,0.01,Monday,0.89,26263.2,3379.91
2024-11-12,0,11,12,monsoon,15586,4258,26.9,4.22,73.96,,1.0,33834.13,22341.78,6130.75,1292.34,4069.26,0.01,Tuesday,0.78,26333.75,7500.37
2024-11-13,0,11,13,monsoon,7921,2202,30.33,0.0,62.79,,1.0,28448.63,19545.35,5855.39,753.77,2294.12,0.01,Wednesday,0.83,23714.69,4733.94
2024-11-14,0,11,14,monsoon,13554,4477,27.67,0.0,63.84,,1.0,31299.32,19697.88,4799.49,1136.68,5665.26,0.01,Thursday,0.9,28120.79,3178.52
2024-11-15,0,11,15,monsoon,17298,5931,27.49,0.0,71.77,,1.0,33529.89,21628.06,6119.65,986.52,4795.65,0.01,Friday,0.91,30621.43,2908.46
2024-11-16,1,11,16,monsoon,20421,5932,21.96,0.0,86.75,,1.0,40770.17,27800.11,6623.58,1514.74,4831.74,0.01,Saturday,0.8,32784.02,7986.15
2024-11-17,1,11,17,monsoon,17615,5999,28.72,0.0,86.78,,1.0,37911.69,25813.47,9156.64,1046.0,1895.58,0.01,Sunday,0.74,28180.71,9730.98
2024-11-18,0,11,18,monsoon,18587,5244,20.63,0.0,73.72,,1.0,36708.92,22822.45,6877.93,978.6,6029.94,0.01,Monday,0.81,29882.63,6826.29
2024-11-19,0,11,19,monsoon,15139,4506,22.33,0.0,64.99,,1.0,32888.46,20312.42,6930.48,971.28,4674.29,0.01,Tuesday,0.85,27795.35,5093.11
2024-11-20,0,11,20,monsoon,18330,4996,26.78,0.0,79.83,,1.0,35054.21,24067.17,5370.69,1152.49,4463.86,0.01,Wednesday,0.92,32277.76,2776.45
2024-11-21,0,11,21,monsoon,16190,5084,21.87,0.0,69.18,,1.0,33883.18,22915.02,7655.86,1278.12,2034.18,0.01,Thursday,0.82,27908.06,5975.12
2024-11-22,0,11,22,monsoon,15890,5528,26.68,0.0,70.44,,1.0,34647.14,23314.18,8411.67,923.45,1997.84,0.01,Friday,0.84,29163.3,5483.84
2024-11-23,1,11,23,monsoon,15434,4789,19.16,0.0,95.0,,1.0,37054.15,24097.09,5610.29,746.24,6600.53,0.01,Saturday,0.86,31738.55,5315.61
2024-11-24,1,11,24,monsoon,18431,5267,22.89,0.0,88.48,,1.0,38726.96,24166.11,6199.44,976.08,7385.32,0.01,Sunday,0.83,32084.72,6642.24
2024-11-25,0,11,25,monsoon,14366,4522,25.17,0.0,79.31,,1.0,32310.43,19958.29,4938.71,1233.81,6179.61,0.01,Monday,0.86,27682.65,4627.78
2024-11-26,0,11,26,monsoon,12466,3269,33.49,0.0,59.74,,1.0,28299.5,17002.97,6328.0,652.1,4316.42,0.01,Tuesday,0.92,26024.35,2275.14
2024-11-27,0,11,27,monsoon,12080,4093,28.81,0.0,78.13,,1.0,31161.36,21235.87,7351.19,1016.23,1558.07,0.01,Wednesday,0.84,26048.51,5112.84
2024-11-28,0,11,28,monsoon,18328,5504,19.19,0.0,93.15,,1.0,34468.91,22998.46,5188.74,1368.33,4913.38,0.01,Thursday,0.81,27771.72,6697.19
2024-11-29,0,11,29,monsoon,15967,4709,22.54,0.0,74.22,,1.0,32405.36,22044.7,7676.75,1063.64,1620.27,0.01,Friday,0.86,27948.9,4456.46
2024-11-30,1,11,30,monsoon,20979,6473,21.85,0.0,95.0,,1.0,39453.92,25032.67,9443.88,1019.11,3958.26,0.01,Saturday,0.76,30168.05,9285.87
2024-12-01,1,12,1,winter,21024,6569,18.03,0.0,68.91,,1.0,35772.82,21688.03,7332.95,1375.08,5376.77,0.01,Sunday,0.84,30184.65,5588.17
2024-12-02,0,12,2,winter,15723,4043,20.32,0.0,71.48,,1.0,30934.24,17449.29,6534.7,963.99,5986.25,0.01,Monday,0.84,26131.85,4802.39
2024-12-03,0,12,3,winter,16424,5227,15.54,0.0,60.28,,1.0,33091.3,20728.7,7643.02,815.46,3904.13,0.01,Tuesday,0.9,29868.54,3222.76
2024-12-04,0,12,4,winter,17819,4885,20.65,0.0,60.55,,1.0,31051.81,17081.42,7385.91,1232.89,5351.59,0.01,Wednesday,0.8,24947.76,6104.04
2024-12-05,0,12,5,winter,16713,5371,20.88,0.0,68.7,,1.0,30730.78,19390.86,6853.28,1170.09,3316.56,0.01,Thursday,0.81,24947.75,5783.03
2024-12-06,0,12,6,winter,12574,4177,19.96,0.0,59.49,,1.0,29189.18,17250.36,6603.96,862.32,4472.54,0.01,Friday,0.85,24698.18,4491.0
2024-12-07,1,12,7,winter,19569,6465,15.56,0.0,52.21,,1.0,35636.07,21194.99,8508.45,1088.16,4844.46,0.01,Saturday,0.82,29313.71,6322.36
2024-12-08,1,12,8,winter,20850,6364,19.75,0.0,50.64,,1.0,37329.81,21713.69,7947.81,774.78,6893.52,0.01,Sunday,0.85,31615.0,5714.81
2024-12-09,0,12,9,winter,20327,6139,22.6,0.0,56.09,,1.0,32302.67,19650.34,6831.95,741.76,5078.62,0.01,Monday,0.82,26409.9,5892.76
2024-12-10,0,12,10,winter,21669,5726,20.46,0.0,41.86,,1.0,34057.35,20958.31,7971.48,1193.48,3934.08,0.01,Tuesday,0.79,26746.35,7311.0
2024-12-11,0,12,11,winter,12036,3942,18.98,0.0,54.08,,1.0,27514.38,16518.47,6732.84,1065.55,3197.52,0.01,Wednesday,0.78,21480.41,6033.97
2024-12-12,0,12,12,winter,17454,4837,20.42,0.0,65.75,,1.0,32433.13,20456.78,7517.34,845.67,3613.34,0.01,Thursday,0.86,27853.1,4580.03
2024-12-13,0,12,13,winter,13036,3906,17.09,0.0,34.54,,1.0,28719.97,18619.0,6137.65,690.81,3272.51,0.01,Friday,0.91,26064.63,2655.34
2024-12-14,1,12,14,winter,14692,4090,14.19,0.0,73.25,,1.0,32473.44,19296.22,6586.98,1284.97,5305.27,0.01,Saturday,0.86,27844.07,4629.38
2024-12-15,1,12,15,winter,20322,5352,18.97,0.0,66.74,,1.0,35847.88,21825.74,8167.85,1187.14,4667.15,0.01,Sunday,0.83,29768.2,6079.68
2024-12-16,0,12,16,winter,13562,4244,15.71,0.0,52.55,,1.0,28979.4,17379.01,5842.34,934.48,4823.57,0.01,Monday,0.89,25830.63,3148.77
2024-12-17,0,12,17,winter,17015,4346,25.83,0.0,57.52,,1.0,29532.17,18357.71,6521.81,1037.94,3614.72,0.01,Tuesday,0.84,24722.4,4809.77
2024-12-18,0,12,18,winter,17121,5562,14.42,0.0,57.82,,1.0,32855.87,18816.56,6934.69,763.19,6341.44,0.01,Wednesday,0.8,26369.09,6486.77
2024-12-19,0,12,19,winter,17374,4895,20.48,0.0,67.06,,1.0,30882.01,18133.9,7484.27,1128.99,4134.84,0.01,Thursday,0.8,24794.98,6087.03
2024-12-20,0,12,20,winter,13418,3354,25.39,1.94,63.11,,1.0,28202.4,16590.98,6471.21,970.62,4169.59,0.01,Friday,0.88,24937.2,3265.2
2024-12-21,1,12,21,winter,22000,6624,22.92,0.0,39.54,,1.0,39253.54,22536.27,8180.71,1548.23,6988.32,0.01,Saturday,0.74,29216.77,10036.77
2024-12-22,1,12,22,winter,24702,6291,17.17,0.0,62.29,,1.0,37012.5,22642.61,9218.73,990.27,4160.88,0.01,Sunday,0.85,31476.16,5536.34
2024-12-23,0,12,23,winter,15382,4270,21.75,0.0,52.07,,1.0,29531.92,18318.74,6235.08,744.91,4233.18,0.01,Monday,0.87,25551.74,3980.18
2024-12-24,0,12,24,winter,15679,5028,19.05,0.0,56.3,,1.0,31677.48,19044.19,6841.73,739.75,5051.81,0.01,Tuesday,0.82,25842.99,5834.49
2024-12-25,0,12,25,winter,16119,4130,16.16,0.13,49.71,Christmas,1.2,33921.91,18531.14,8541.11,1156.35,5693.32,0.01,Wednesday,0.76,25912.99,8008.93
2024-12-26,0,12,26,winter,11014,3677,21.96,0.0,71.5,,1.0,26016.63,15589.47,5325.92,609.67,4491.57,0.01,Thursday,0.8,20843.72,5172.91
2024-12-27,0,12,27,winter,21937,5492,20.02,0.0,65.39,,1.0,35329.98,19793.74,8148.14,773.17,6614.93,0.01,Friday,0.86,30313.59,5016.38
2024-12-28,1,12,28,winter,23254,6387,14.67,0.0,50.27,,1.0,36772.67,22998.67,7392.25,918.86,5462.9,0.01,Saturday,0.79,29211.15,7561.53
2024-12-29,1,12,29,winter,24104,7811,17.94,0.0,42.68,,1.0,40490.82,25876.33,9552.86,868.91,4192.72,0.01,Sunday,0.79,31819.62,8671.2
2024-12-30,0,12,30,winter,15045,4237,18.34,0.0,51.97,,1.0,31201.0,19722.55,7009.36,1152.43,3316.67,0.01,Monday,0.88,27401.93,3799.07
